video_id,comments,date,time
Wmy5TQQPQho,neutral,2025-05-27,16:31:12
Wmy5TQQPQho,neutral,2025-05-27,16:31:12
Wmy5TQQPQho,negative,2025-05-27,16:31:12
Wmy5TQQPQho,neutral,2025-05-27,16:31:12
Wmy5TQQPQho,negative,2025-05-27,16:31:12
G5lS6O7j4RI,negative,2025-05-30,17:48:58
G5lS6O7j4RI,neutral,2025-05-30,17:48:58
G5lS6O7j4RI,neutral,2025-05-30,17:48:58
G5lS6O7j4RI,neutral,2025-05-30,17:48:58
G5lS6O7j4RI,neutral,2025-05-30,17:48:58
46B-rfCAW4E,neutral,2025-05-07,16:31:18
46B-rfCAW4E,neutral,2025-05-07,16:31:18
46B-rfCAW4E,neutral,2025-05-07,16:31:18
46B-rfCAW4E,neutral,2025-05-07,16:31:18
46B-rfCAW4E,neutral,2025-05-07,16:31:18
w-Ed_FP_Jbw,neutral,2025-04-13,16:11:01
w-Ed_FP_Jbw,neutral,2025-04-13,16:11:01
w-Ed_FP_Jbw,neutral,2025-04-13,16:11:01
w-Ed_FP_Jbw,neutral,2025-04-13,16:11:01
w-Ed_FP_Jbw,neutral,2025-04-13,16:11:01
u1wM5l5nyYw,neutral,2025-05-21,18:27:46
u1wM5l5nyYw,negative,2025-05-21,18:27:46
u1wM5l5nyYw,neutral,2025-05-21,18:27:46
u1wM5l5nyYw,negative,2025-05-21,18:27:46
u1wM5l5nyYw,neutral,2025-05-21,18:27:46
nP73z-EJjJQ,neutral,2025-05-18,18:17:50
nP73z-EJjJQ,negative,2025-05-18,18:17:50
nP73z-EJjJQ,neutral,2025-05-18,18:17:50
nP73z-EJjJQ,positive,2025-05-18,18:17:50
nP73z-EJjJQ,neutral,2025-05-18,18:17:50
U6pwzBUOQ_I,negative,2025-04-17,16:47:48
U6pwzBUOQ_I,neutral,2025-04-17,16:47:48
U6pwzBUOQ_I,positive,2025-04-17,16:47:48
U6pwzBUOQ_I,neutral,2025-04-17,16:47:48
U6pwzBUOQ_I,neutral,2025-04-17,16:47:48
qPxs8zX7q-0,neutral,2025-05-11,17:05:24
qPxs8zX7q-0,neutral,2025-05-11,17:05:24
qPxs8zX7q-0,neutral,2025-05-11,17:05:24
qPxs8zX7q-0,neutral,2025-05-11,17:05:24
qPxs8zX7q-0,neutral,2025-05-11,17:05:24
g9hX4zCz1Og,neutral,2025-05-30,00:18:15
pMHrbRweb6M,neutral,2025-04-29,05:49:47
pMHrbRweb6M,neutral,2025-04-29,05:49:47
pMHrbRweb6M,neutral,2025-04-29,05:49:47
pMHrbRweb6M,neutral,2025-04-29,05:49:47
pMHrbRweb6M,neutral,2025-04-29,05:49:47
rlJWXmZCCDE,neutral,2023-08-22,15:01:11
rlJWXmZCCDE,neutral,2023-08-22,15:01:11
rlJWXmZCCDE,neutral,2023-08-22,15:01:11
rlJWXmZCCDE,neutral,2023-08-22,15:01:11
rlJWXmZCCDE,neutral,2023-08-22,15:01:11
CAzS_soXk4s,negative,2025-05-15,16:53:54
CAzS_soXk4s,negative,2025-05-15,16:53:54
CAzS_soXk4s,neutral,2025-05-15,16:53:54
CAzS_soXk4s,neutral,2025-05-15,16:53:54
CAzS_soXk4s,neutral,2025-05-15,16:53:54
KUOyHE7f6aA,neutral,2025-05-04,17:17:09
KUOyHE7f6aA,neutral,2025-05-04,17:17:09
KUOyHE7f6aA,neutral,2025-05-04,17:17:09
KUOyHE7f6aA,negative,2025-05-04,17:17:09
KUOyHE7f6aA,neutral,2025-05-04,17:17:09
-1ta-B1lA3s,neutral,2025-04-20,19:02:09
-1ta-B1lA3s,positive,2025-04-20,19:02:09
-1ta-B1lA3s,positive,2025-04-20,19:02:09
-1ta-B1lA3s,neutral,2025-04-20,19:02:09
-1ta-B1lA3s,negative,2025-04-20,19:02:09
RjZc2kAuZlE,neutral,2022-10-27,10:04:27
RjZc2kAuZlE,positive,2022-10-27,10:04:27
RjZc2kAuZlE,neutral,2022-10-27,10:04:27
RjZc2kAuZlE,positive,2022-10-27,10:04:27
RjZc2kAuZlE,neutral,2022-10-27,10:04:27
wrXf-5OZ4Bo,neutral,2025-02-14,15:29:07
wrXf-5OZ4Bo,neutral,2025-02-14,15:29:07
wrXf-5OZ4Bo,negative,2025-02-14,15:29:07
wrXf-5OZ4Bo,negative,2025-02-14,15:29:07
ojG2MtVBvxo,positive,2025-01-22,17:09:42
ojG2MtVBvxo,neutral,2025-01-22,17:09:42
ojG2MtVBvxo,neutral,2025-01-22,17:09:42
ojG2MtVBvxo,neutral,2025-01-22,17:09:42
ojG2MtVBvxo,neutral,2025-01-22,17:09:42
b37bdtitay0,negative,2025-03-02,19:47:15
b37bdtitay0,neutral,2025-03-02,19:47:15
b37bdtitay0,negative,2025-03-02,19:47:15
b37bdtitay0,neutral,2025-03-02,19:47:15
b37bdtitay0,neutral,2025-03-02,19:47:15
zQpNa1VImS0,neutral,2024-12-05,17:05:14
zQpNa1VImS0,neutral,2024-12-05,17:05:14
zQpNa1VImS0,neutral,2024-12-05,17:05:14
zQpNa1VImS0,negative,2024-12-05,17:05:14
zQpNa1VImS0,negative,2024-12-05,17:05:14
nwKHE6M5tQk,neutral,2025-03-19,17:06:55
nwKHE6M5tQk,negative,2025-03-19,17:06:55
nwKHE6M5tQk,neutral,2025-03-19,17:06:55
nwKHE6M5tQk,negative,2025-03-19,17:06:55
nwKHE6M5tQk,negative,2025-03-19,17:06:55
V6DewUcZzKQ,positive,2020-06-24,16:41:34
V6DewUcZzKQ,neutral,2020-06-24,16:41:34
V6DewUcZzKQ,negative,2020-06-24,16:41:34
V6DewUcZzKQ,positive,2020-06-24,16:41:34
V6DewUcZzKQ,neutral,2020-06-24,16:41:34
7aJnShgDJcA,neutral,2024-12-17,17:58:32
7aJnShgDJcA,positive,2024-12-17,17:58:32
7aJnShgDJcA,neutral,2024-12-17,17:58:32
7aJnShgDJcA,neutral,2024-12-17,17:58:32
7aJnShgDJcA,neutral,2024-12-17,17:58:32
zJyCGyoAKlM,neutral,2024-10-23,18:28:10
zJyCGyoAKlM,negative,2024-10-23,18:28:10
zJyCGyoAKlM,neutral,2024-10-23,18:28:10
zJyCGyoAKlM,neutral,2024-10-23,18:28:10
zJyCGyoAKlM,negative,2024-10-23,18:28:10
GCp8X2o3tQc,neutral,2024-09-17,09:02:25
GCp8X2o3tQc,neutral,2024-09-17,09:02:25
GCp8X2o3tQc,neutral,2024-09-17,09:02:25
GCp8X2o3tQc,neutral,2024-09-17,09:02:25
GCp8X2o3tQc,neutral,2024-09-17,09:02:25
gLilIX5jtLY,neutral,2025-01-14,16:25:22
gLilIX5jtLY,neutral,2025-01-14,16:25:22
gLilIX5jtLY,neutral,2025-01-14,16:25:22
gLilIX5jtLY,neutral,2025-01-14,16:25:22
gLilIX5jtLY,negative,2025-01-14,16:25:22
1Jjj_bitQyA,neutral,2020-06-30,03:00:00
1Jjj_bitQyA,neutral,2020-06-30,03:00:00
1Jjj_bitQyA,positive,2020-06-30,03:00:00
1Jjj_bitQyA,neutral,2020-06-30,03:00:00
1Jjj_bitQyA,neutral,2020-06-30,03:00:00
JYSq80P6C3o,positive,2025-01-07,17:11:37
JYSq80P6C3o,neutral,2025-01-07,17:11:37
JYSq80P6C3o,neutral,2025-01-07,17:11:37
JYSq80P6C3o,neutral,2025-01-07,17:11:37
JYSq80P6C3o,negative,2025-01-07,17:11:37
E9j-Rf6aShI,negative,2023-08-27,15:34:00
E9j-Rf6aShI,positive,2023-08-27,15:34:00
E9j-Rf6aShI,neutral,2023-08-27,15:34:00
E9j-Rf6aShI,neutral,2023-08-27,15:34:00
E9j-Rf6aShI,neutral,2023-08-27,15:34:00
HAN2BYH53d8,neutral,2024-03-23,17:37:01
HAN2BYH53d8,neutral,2024-03-23,17:37:01
HAN2BYH53d8,neutral,2024-03-23,17:37:01
HAN2BYH53d8,positive,2024-03-23,17:37:01
HAN2BYH53d8,positive,2024-03-23,17:37:01
GHJOAA5Trh8,neutral,2025-05-11,08:44:43
GHJOAA5Trh8,positive,2025-05-11,08:44:43
GHJOAA5Trh8,positive,2025-05-11,08:44:43
