video_id,sent_comment,comment_text,author,date,time
Wmy5TQQPQho,neutral,❤,@rockyjohnson2511,2025-05-31,18:29:32
Wmy5TQQPQho,neutral,Hài vc,@sungchusinh,2025-05-31,16:43:21
Wmy5TQQPQho,neutral,"game này hay nè, hóng hóng",@dg.luceff2004,2025-05-31,12:10:06
Wmy5TQQPQho,neutral,❤,@nguoianam,2025-05-30,15:44:47
Wmy5TQQPQho,neutral,Cuối cùng anh tôi cũng chơi game này,@lehoangtuuc8713,2025-05-30,12:09:56
Wmy5TQQPQho,neutral,❤,@rockyjohnson2511,2025-05-31,18:29:32
Wmy5TQQPQho,neutral,Hài vc,@sungchusinh,2025-05-31,16:43:21
Wmy5TQQPQho,neutral,"game này hay nè, hóng hóng",@dg.luceff2004,2025-05-31,12:10:06
Wmy5TQQPQho,neutral,❤,@nguoianam,2025-05-30,15:44:47
Wmy5TQQPQho,neutral,Cuối cùng anh tôi cũng chơi game này,@lehoangtuuc8713,2025-05-30,12:09:56
Wmy5TQQPQho,negative,❤,@rockyjohnson2511,2025-05-31,18:29:32
Wmy5TQQPQho,negative,Hài vc,@sungchusinh,2025-05-31,16:43:21
Wmy5TQQPQho,negative,"game này hay nè, hóng hóng",@dg.luceff2004,2025-05-31,12:10:06
Wmy5TQQPQho,negative,❤,@nguoianam,2025-05-30,15:44:47
Wmy5TQQPQho,negative,Cuối cùng anh tôi cũng chơi game này,@lehoangtuuc8713,2025-05-30,12:09:56
Wmy5TQQPQho,neutral,❤,@rockyjohnson2511,2025-05-31,18:29:32
Wmy5TQQPQho,neutral,Hài vc,@sungchusinh,2025-05-31,16:43:21
Wmy5TQQPQho,neutral,"game này hay nè, hóng hóng",@dg.luceff2004,2025-05-31,12:10:06
Wmy5TQQPQho,neutral,❤,@nguoianam,2025-05-30,15:44:47
Wmy5TQQPQho,neutral,Cuối cùng anh tôi cũng chơi game này,@lehoangtuuc8713,2025-05-30,12:09:56
Wmy5TQQPQho,negative,❤,@rockyjohnson2511,2025-05-31,18:29:32
Wmy5TQQPQho,negative,Hài vc,@sungchusinh,2025-05-31,16:43:21
Wmy5TQQPQho,negative,"game này hay nè, hóng hóng",@dg.luceff2004,2025-05-31,12:10:06
Wmy5TQQPQho,negative,❤,@nguoianam,2025-05-30,15:44:47
Wmy5TQQPQho,negative,Cuối cùng anh tôi cũng chơi game này,@lehoangtuuc8713,2025-05-30,12:09:56
G5lS6O7j4RI,negative,"In Game, vua của mọi nghề 😅😅",@thanhchelsea8753,2025-06-01,00:13:53
G5lS6O7j4RI,negative,anh em mình cứ thế thôii hẹ hẹ hẹ,@hnahle-816,2025-05-31,20:31:45
G5lS6O7j4RI,negative,28:35 còn thiếu phần bốc phét 100/100 nữa anh ơi 🤣,@amegafuri,2025-05-31,18:42:22
G5lS6O7j4RI,negative,oh,@leonad8416,2025-05-31,17:47:41
G5lS6O7j4RI,negative,t,@idolhuan9308,2025-05-31,17:09:41
G5lS6O7j4RI,neutral,"In Game, vua của mọi nghề 😅😅",@thanhchelsea8753,2025-06-01,00:13:53
G5lS6O7j4RI,neutral,anh em mình cứ thế thôii hẹ hẹ hẹ,@hnahle-816,2025-05-31,20:31:45
G5lS6O7j4RI,neutral,28:35 còn thiếu phần bốc phét 100/100 nữa anh ơi 🤣,@amegafuri,2025-05-31,18:42:22
G5lS6O7j4RI,neutral,oh,@leonad8416,2025-05-31,17:47:41
G5lS6O7j4RI,neutral,t,@idolhuan9308,2025-05-31,17:09:41
G5lS6O7j4RI,neutral,"In Game, vua của mọi nghề 😅😅",@thanhchelsea8753,2025-06-01,00:13:53
G5lS6O7j4RI,neutral,anh em mình cứ thế thôii hẹ hẹ hẹ,@hnahle-816,2025-05-31,20:31:45
G5lS6O7j4RI,neutral,28:35 còn thiếu phần bốc phét 100/100 nữa anh ơi 🤣,@amegafuri,2025-05-31,18:42:22
G5lS6O7j4RI,neutral,oh,@leonad8416,2025-05-31,17:47:41
G5lS6O7j4RI,neutral,t,@idolhuan9308,2025-05-31,17:09:41
G5lS6O7j4RI,neutral,"In Game, vua của mọi nghề 😅😅",@thanhchelsea8753,2025-06-01,00:13:53
G5lS6O7j4RI,neutral,anh em mình cứ thế thôii hẹ hẹ hẹ,@hnahle-816,2025-05-31,20:31:45
G5lS6O7j4RI,neutral,28:35 còn thiếu phần bốc phét 100/100 nữa anh ơi 🤣,@amegafuri,2025-05-31,18:42:22
G5lS6O7j4RI,neutral,oh,@leonad8416,2025-05-31,17:47:41
G5lS6O7j4RI,neutral,t,@idolhuan9308,2025-05-31,17:09:41
G5lS6O7j4RI,neutral,"In Game, vua của mọi nghề 😅😅",@thanhchelsea8753,2025-06-01,00:13:53
G5lS6O7j4RI,neutral,anh em mình cứ thế thôii hẹ hẹ hẹ,@hnahle-816,2025-05-31,20:31:45
G5lS6O7j4RI,neutral,28:35 còn thiếu phần bốc phét 100/100 nữa anh ơi 🤣,@amegafuri,2025-05-31,18:42:22
G5lS6O7j4RI,neutral,oh,@leonad8416,2025-05-31,17:47:41
G5lS6O7j4RI,neutral,t,@idolhuan9308,2025-05-31,17:09:41
46B-rfCAW4E,neutral,Trời tiếng game giống tiếng chuông ở nha quá tưởng shipper bấm chuông chạy ra ngoài nhìn :)))),@yennhitrannguyen5657,2025-05-25,03:40:08
46B-rfCAW4E,neutral,Con mắt tượng trưng có cái nhìn sự phán xét của xã hội,@nguyentrung9133,2025-05-15,16:14:33
46B-rfCAW4E,neutral,anh lam thêm mấy phần nữa đi hay quá,@quythanh7931,2025-05-15,15:49:30
46B-rfCAW4E,neutral,"Mong chú chơi hết series brokenlore, nó có mấy phần đấy chú",@MinhPham-mw7mr,2025-05-14,17:28:25
46B-rfCAW4E,neutral,34:22,@KimngânHuỳnh-w9o6p,2025-05-14,07:33:29
46B-rfCAW4E,neutral,Trời tiếng game giống tiếng chuông ở nha quá tưởng shipper bấm chuông chạy ra ngoài nhìn :)))),@yennhitrannguyen5657,2025-05-25,03:40:08
46B-rfCAW4E,neutral,Con mắt tượng trưng có cái nhìn sự phán xét của xã hội,@nguyentrung9133,2025-05-15,16:14:33
46B-rfCAW4E,neutral,anh lam thêm mấy phần nữa đi hay quá,@quythanh7931,2025-05-15,15:49:30
46B-rfCAW4E,neutral,"Mong chú chơi hết series brokenlore, nó có mấy phần đấy chú",@MinhPham-mw7mr,2025-05-14,17:28:25
46B-rfCAW4E,neutral,34:22,@KimngânHuỳnh-w9o6p,2025-05-14,07:33:29
46B-rfCAW4E,neutral,Trời tiếng game giống tiếng chuông ở nha quá tưởng shipper bấm chuông chạy ra ngoài nhìn :)))),@yennhitrannguyen5657,2025-05-25,03:40:08
46B-rfCAW4E,neutral,Con mắt tượng trưng có cái nhìn sự phán xét của xã hội,@nguyentrung9133,2025-05-15,16:14:33
46B-rfCAW4E,neutral,anh lam thêm mấy phần nữa đi hay quá,@quythanh7931,2025-05-15,15:49:30
46B-rfCAW4E,neutral,"Mong chú chơi hết series brokenlore, nó có mấy phần đấy chú",@MinhPham-mw7mr,2025-05-14,17:28:25
46B-rfCAW4E,neutral,34:22,@KimngânHuỳnh-w9o6p,2025-05-14,07:33:29
46B-rfCAW4E,neutral,Trời tiếng game giống tiếng chuông ở nha quá tưởng shipper bấm chuông chạy ra ngoài nhìn :)))),@yennhitrannguyen5657,2025-05-25,03:40:08
46B-rfCAW4E,neutral,Con mắt tượng trưng có cái nhìn sự phán xét của xã hội,@nguyentrung9133,2025-05-15,16:14:33
46B-rfCAW4E,neutral,anh lam thêm mấy phần nữa đi hay quá,@quythanh7931,2025-05-15,15:49:30
46B-rfCAW4E,neutral,"Mong chú chơi hết series brokenlore, nó có mấy phần đấy chú",@MinhPham-mw7mr,2025-05-14,17:28:25
46B-rfCAW4E,neutral,34:22,@KimngânHuỳnh-w9o6p,2025-05-14,07:33:29
46B-rfCAW4E,neutral,Trời tiếng game giống tiếng chuông ở nha quá tưởng shipper bấm chuông chạy ra ngoài nhìn :)))),@yennhitrannguyen5657,2025-05-25,03:40:08
46B-rfCAW4E,neutral,Con mắt tượng trưng có cái nhìn sự phán xét của xã hội,@nguyentrung9133,2025-05-15,16:14:33
46B-rfCAW4E,neutral,anh lam thêm mấy phần nữa đi hay quá,@quythanh7931,2025-05-15,15:49:30
46B-rfCAW4E,neutral,"Mong chú chơi hết series brokenlore, nó có mấy phần đấy chú",@MinhPham-mw7mr,2025-05-14,17:28:25
46B-rfCAW4E,neutral,34:22,@KimngânHuỳnh-w9o6p,2025-05-14,07:33:29
w-Ed_FP_Jbw,neutral,Đệt đang ăn cơm coi 17:07 thấy cơm dở hẵn đi,@lenhatkhoa9122,2025-05-24,12:47:55
w-Ed_FP_Jbw,neutral,Có khi nào đang đi bị ma vếu dài hấp diêm hong,@huynhlong224,2025-05-24,12:09:26
w-Ed_FP_Jbw,neutral,Trà vinh quê t luôn 😂,@LewisNgUnknow,2025-05-22,03:53:59
w-Ed_FP_Jbw,neutral,Mịa quả jumscare phút 26 làm t hoảng vc,@quocbaole6747,2025-05-20,01:23:16
w-Ed_FP_Jbw,neutral,Đang tua nhanh tự nhiên lao lên cái giật cả mình 😂,@TuanNguyen-qo7gs,2025-05-17,12:21:48
w-Ed_FP_Jbw,neutral,Đệt đang ăn cơm coi 17:07 thấy cơm dở hẵn đi,@lenhatkhoa9122,2025-05-24,12:47:55
w-Ed_FP_Jbw,neutral,Có khi nào đang đi bị ma vếu dài hấp diêm hong,@huynhlong224,2025-05-24,12:09:26
w-Ed_FP_Jbw,neutral,Trà vinh quê t luôn 😂,@LewisNgUnknow,2025-05-22,03:53:59
w-Ed_FP_Jbw,neutral,Mịa quả jumscare phút 26 làm t hoảng vc,@quocbaole6747,2025-05-20,01:23:16
w-Ed_FP_Jbw,neutral,Đang tua nhanh tự nhiên lao lên cái giật cả mình 😂,@TuanNguyen-qo7gs,2025-05-17,12:21:48
w-Ed_FP_Jbw,neutral,Đệt đang ăn cơm coi 17:07 thấy cơm dở hẵn đi,@lenhatkhoa9122,2025-05-24,12:47:55
w-Ed_FP_Jbw,neutral,Có khi nào đang đi bị ma vếu dài hấp diêm hong,@huynhlong224,2025-05-24,12:09:26
w-Ed_FP_Jbw,neutral,Trà vinh quê t luôn 😂,@LewisNgUnknow,2025-05-22,03:53:59
w-Ed_FP_Jbw,neutral,Mịa quả jumscare phút 26 làm t hoảng vc,@quocbaole6747,2025-05-20,01:23:16
w-Ed_FP_Jbw,neutral,Đang tua nhanh tự nhiên lao lên cái giật cả mình 😂,@TuanNguyen-qo7gs,2025-05-17,12:21:48
w-Ed_FP_Jbw,neutral,Đệt đang ăn cơm coi 17:07 thấy cơm dở hẵn đi,@lenhatkhoa9122,2025-05-24,12:47:55
w-Ed_FP_Jbw,neutral,Có khi nào đang đi bị ma vếu dài hấp diêm hong,@huynhlong224,2025-05-24,12:09:26
w-Ed_FP_Jbw,neutral,Trà vinh quê t luôn 😂,@LewisNgUnknow,2025-05-22,03:53:59
w-Ed_FP_Jbw,neutral,Mịa quả jumscare phút 26 làm t hoảng vc,@quocbaole6747,2025-05-20,01:23:16
w-Ed_FP_Jbw,neutral,Đang tua nhanh tự nhiên lao lên cái giật cả mình 😂,@TuanNguyen-qo7gs,2025-05-17,12:21:48
w-Ed_FP_Jbw,neutral,Đệt đang ăn cơm coi 17:07 thấy cơm dở hẵn đi,@lenhatkhoa9122,2025-05-24,12:47:55
w-Ed_FP_Jbw,neutral,Có khi nào đang đi bị ma vếu dài hấp diêm hong,@huynhlong224,2025-05-24,12:09:26
w-Ed_FP_Jbw,neutral,Trà vinh quê t luôn 😂,@LewisNgUnknow,2025-05-22,03:53:59
w-Ed_FP_Jbw,neutral,Mịa quả jumscare phút 26 làm t hoảng vc,@quocbaole6747,2025-05-20,01:23:16
w-Ed_FP_Jbw,neutral,Đang tua nhanh tự nhiên lao lên cái giật cả mình 😂,@TuanNguyen-qo7gs,2025-05-17,12:21:48
u1wM5l5nyYw,neutral,"Khởi động lại Alan Wake 2 đi anh ơi, bảo sẽ chơi lại mà mấy hôm đã quên rồi.",@amegafuri,2025-05-30,18:52:44
u1wM5l5nyYw,neutral,game 1 hay mà ông lại tắt đoạn chat trực tiếp là thế méo nafoooo,@trinhtuankiet3442,2025-05-28,14:49:25
u1wM5l5nyYw,neutral,Rất nhiều ca 😂 nhưng mỗi ca 30p,@Omachi1993,2025-05-28,13:35:17
u1wM5l5nyYw,neutral,"""Video này không có tùy chọn phát lại cuộc trò chuyện trực tiếp"" :((( Lão ơi bật lênnn",@TungTran-hl8cc,2025-05-28,12:46:05
u1wM5l5nyYw,neutral,chơi blue prince đi anh,@anhquangnguyen5973,2025-05-27,22:32:25
u1wM5l5nyYw,negative,"Khởi động lại Alan Wake 2 đi anh ơi, bảo sẽ chơi lại mà mấy hôm đã quên rồi.",@amegafuri,2025-05-30,18:52:44
u1wM5l5nyYw,negative,game 1 hay mà ông lại tắt đoạn chat trực tiếp là thế méo nafoooo,@trinhtuankiet3442,2025-05-28,14:49:25
u1wM5l5nyYw,negative,Rất nhiều ca 😂 nhưng mỗi ca 30p,@Omachi1993,2025-05-28,13:35:17
u1wM5l5nyYw,negative,"""Video này không có tùy chọn phát lại cuộc trò chuyện trực tiếp"" :((( Lão ơi bật lênnn",@TungTran-hl8cc,2025-05-28,12:46:05
u1wM5l5nyYw,negative,chơi blue prince đi anh,@anhquangnguyen5973,2025-05-27,22:32:25
u1wM5l5nyYw,neutral,"Khởi động lại Alan Wake 2 đi anh ơi, bảo sẽ chơi lại mà mấy hôm đã quên rồi.",@amegafuri,2025-05-30,18:52:44
u1wM5l5nyYw,neutral,game 1 hay mà ông lại tắt đoạn chat trực tiếp là thế méo nafoooo,@trinhtuankiet3442,2025-05-28,14:49:25
u1wM5l5nyYw,neutral,Rất nhiều ca 😂 nhưng mỗi ca 30p,@Omachi1993,2025-05-28,13:35:17
u1wM5l5nyYw,neutral,"""Video này không có tùy chọn phát lại cuộc trò chuyện trực tiếp"" :((( Lão ơi bật lênnn",@TungTran-hl8cc,2025-05-28,12:46:05
u1wM5l5nyYw,neutral,chơi blue prince đi anh,@anhquangnguyen5973,2025-05-27,22:32:25
u1wM5l5nyYw,negative,"Khởi động lại Alan Wake 2 đi anh ơi, bảo sẽ chơi lại mà mấy hôm đã quên rồi.",@amegafuri,2025-05-30,18:52:44
u1wM5l5nyYw,negative,game 1 hay mà ông lại tắt đoạn chat trực tiếp là thế méo nafoooo,@trinhtuankiet3442,2025-05-28,14:49:25
u1wM5l5nyYw,negative,Rất nhiều ca 😂 nhưng mỗi ca 30p,@Omachi1993,2025-05-28,13:35:17
u1wM5l5nyYw,negative,"""Video này không có tùy chọn phát lại cuộc trò chuyện trực tiếp"" :((( Lão ơi bật lênnn",@TungTran-hl8cc,2025-05-28,12:46:05
u1wM5l5nyYw,negative,chơi blue prince đi anh,@anhquangnguyen5973,2025-05-27,22:32:25
u1wM5l5nyYw,neutral,"Khởi động lại Alan Wake 2 đi anh ơi, bảo sẽ chơi lại mà mấy hôm đã quên rồi.",@amegafuri,2025-05-30,18:52:44
u1wM5l5nyYw,neutral,game 1 hay mà ông lại tắt đoạn chat trực tiếp là thế méo nafoooo,@trinhtuankiet3442,2025-05-28,14:49:25
u1wM5l5nyYw,neutral,Rất nhiều ca 😂 nhưng mỗi ca 30p,@Omachi1993,2025-05-28,13:35:17
u1wM5l5nyYw,neutral,"""Video này không có tùy chọn phát lại cuộc trò chuyện trực tiếp"" :((( Lão ơi bật lênnn",@TungTran-hl8cc,2025-05-28,12:46:05
u1wM5l5nyYw,neutral,chơi blue prince đi anh,@anhquangnguyen5973,2025-05-27,22:32:25
nP73z-EJjJQ,neutral,hay,@HoangNguyen-dl2tx,2025-05-29,16:17:27
nP73z-EJjJQ,neutral,Game mới demo thôi mà jumpscare cũng sợ phết,@nikodz-v9w,2025-05-27,16:47:56
nP73z-EJjJQ,neutral,❤❤❤,@LinhNguyen-xi5ps,2025-05-26,13:34:38
nP73z-EJjJQ,neutral,haha,@JanuaryJone,2025-05-25,19:58:59
nP73z-EJjJQ,neutral,ổng hay bàn sang chuyện khác khi choi flop,@anngo2097,2025-05-25,08:48:54
nP73z-EJjJQ,negative,hay,@HoangNguyen-dl2tx,2025-05-29,16:17:27
nP73z-EJjJQ,negative,Game mới demo thôi mà jumpscare cũng sợ phết,@nikodz-v9w,2025-05-27,16:47:56
nP73z-EJjJQ,negative,❤❤❤,@LinhNguyen-xi5ps,2025-05-26,13:34:38
nP73z-EJjJQ,negative,haha,@JanuaryJone,2025-05-25,19:58:59
nP73z-EJjJQ,negative,ổng hay bàn sang chuyện khác khi choi flop,@anngo2097,2025-05-25,08:48:54
nP73z-EJjJQ,neutral,hay,@HoangNguyen-dl2tx,2025-05-29,16:17:27
nP73z-EJjJQ,neutral,Game mới demo thôi mà jumpscare cũng sợ phết,@nikodz-v9w,2025-05-27,16:47:56
nP73z-EJjJQ,neutral,❤❤❤,@LinhNguyen-xi5ps,2025-05-26,13:34:38
nP73z-EJjJQ,neutral,haha,@JanuaryJone,2025-05-25,19:58:59
nP73z-EJjJQ,neutral,ổng hay bàn sang chuyện khác khi choi flop,@anngo2097,2025-05-25,08:48:54
nP73z-EJjJQ,positive,hay,@HoangNguyen-dl2tx,2025-05-29,16:17:27
nP73z-EJjJQ,positive,Game mới demo thôi mà jumpscare cũng sợ phết,@nikodz-v9w,2025-05-27,16:47:56
nP73z-EJjJQ,positive,❤❤❤,@LinhNguyen-xi5ps,2025-05-26,13:34:38
nP73z-EJjJQ,positive,haha,@JanuaryJone,2025-05-25,19:58:59
nP73z-EJjJQ,positive,ổng hay bàn sang chuyện khác khi choi flop,@anngo2097,2025-05-25,08:48:54
nP73z-EJjJQ,neutral,hay,@HoangNguyen-dl2tx,2025-05-29,16:17:27
nP73z-EJjJQ,neutral,Game mới demo thôi mà jumpscare cũng sợ phết,@nikodz-v9w,2025-05-27,16:47:56
nP73z-EJjJQ,neutral,❤❤❤,@LinhNguyen-xi5ps,2025-05-26,13:34:38
nP73z-EJjJQ,neutral,haha,@JanuaryJone,2025-05-25,19:58:59
nP73z-EJjJQ,neutral,ổng hay bàn sang chuyện khác khi choi flop,@anngo2097,2025-05-25,08:48:54
U6pwzBUOQ_I,negative,"bao giờ mới có game kinh dị đến từ Campuchia, Lào, nhể",@ucduynguyen4525,2025-05-19,08:21:25
U6pwzBUOQ_I,negative,Quay lén trúng lúc em ấy đang thông tắc cống🌚,@Professional113,2025-05-16,07:37:41
U6pwzBUOQ_I,negative,"44:32 nhìn sang bên phải thấy giống Home sweet home quá ạ
1:04:51 đọc nhầm xong chửi AI 😂",@Hikaru_Kagayaki,2025-05-13,13:41:31
U6pwzBUOQ_I,negative,"Anh chơi thử con quarantine zone đi anh, hay lắm",@AkaiTakeda-r8n,2025-05-04,13:40:33
U6pwzBUOQ_I,negative,Xem nhưng clip của a dũng từ 2016 tới h,@minhquanvo1274,2025-05-02,12:25:06
U6pwzBUOQ_I,neutral,"bao giờ mới có game kinh dị đến từ Campuchia, Lào, nhể",@ucduynguyen4525,2025-05-19,08:21:25
U6pwzBUOQ_I,neutral,Quay lén trúng lúc em ấy đang thông tắc cống🌚,@Professional113,2025-05-16,07:37:41
U6pwzBUOQ_I,neutral,"44:32 nhìn sang bên phải thấy giống Home sweet home quá ạ
1:04:51 đọc nhầm xong chửi AI 😂",@Hikaru_Kagayaki,2025-05-13,13:41:31
U6pwzBUOQ_I,neutral,"Anh chơi thử con quarantine zone đi anh, hay lắm",@AkaiTakeda-r8n,2025-05-04,13:40:33
U6pwzBUOQ_I,neutral,Xem nhưng clip của a dũng từ 2016 tới h,@minhquanvo1274,2025-05-02,12:25:06
U6pwzBUOQ_I,positive,"bao giờ mới có game kinh dị đến từ Campuchia, Lào, nhể",@ucduynguyen4525,2025-05-19,08:21:25
U6pwzBUOQ_I,positive,Quay lén trúng lúc em ấy đang thông tắc cống🌚,@Professional113,2025-05-16,07:37:41
U6pwzBUOQ_I,positive,"44:32 nhìn sang bên phải thấy giống Home sweet home quá ạ
1:04:51 đọc nhầm xong chửi AI 😂",@Hikaru_Kagayaki,2025-05-13,13:41:31
U6pwzBUOQ_I,positive,"Anh chơi thử con quarantine zone đi anh, hay lắm",@AkaiTakeda-r8n,2025-05-04,13:40:33
U6pwzBUOQ_I,positive,Xem nhưng clip của a dũng từ 2016 tới h,@minhquanvo1274,2025-05-02,12:25:06
U6pwzBUOQ_I,neutral,"bao giờ mới có game kinh dị đến từ Campuchia, Lào, nhể",@ucduynguyen4525,2025-05-19,08:21:25
U6pwzBUOQ_I,neutral,Quay lén trúng lúc em ấy đang thông tắc cống🌚,@Professional113,2025-05-16,07:37:41
U6pwzBUOQ_I,neutral,"44:32 nhìn sang bên phải thấy giống Home sweet home quá ạ
1:04:51 đọc nhầm xong chửi AI 😂",@Hikaru_Kagayaki,2025-05-13,13:41:31
U6pwzBUOQ_I,neutral,"Anh chơi thử con quarantine zone đi anh, hay lắm",@AkaiTakeda-r8n,2025-05-04,13:40:33
U6pwzBUOQ_I,neutral,Xem nhưng clip của a dũng từ 2016 tới h,@minhquanvo1274,2025-05-02,12:25:06
U6pwzBUOQ_I,neutral,"bao giờ mới có game kinh dị đến từ Campuchia, Lào, nhể",@ucduynguyen4525,2025-05-19,08:21:25
U6pwzBUOQ_I,neutral,Quay lén trúng lúc em ấy đang thông tắc cống🌚,@Professional113,2025-05-16,07:37:41
U6pwzBUOQ_I,neutral,"44:32 nhìn sang bên phải thấy giống Home sweet home quá ạ
1:04:51 đọc nhầm xong chửi AI 😂",@Hikaru_Kagayaki,2025-05-13,13:41:31
U6pwzBUOQ_I,neutral,"Anh chơi thử con quarantine zone đi anh, hay lắm",@AkaiTakeda-r8n,2025-05-04,13:40:33
U6pwzBUOQ_I,neutral,Xem nhưng clip của a dũng từ 2016 tới h,@minhquanvo1274,2025-05-02,12:25:06
qPxs8zX7q-0,neutral,hi,@ThanhVu-kt7xz,2025-05-30,17:32:07
qPxs8zX7q-0,neutral,a làm quả seri về teamup đi bắn nhau với mấy con zoombie đi a,@hieule-cc2ml,2025-05-24,17:51:38
qPxs8zX7q-0,neutral,"😂 với tất cả suy đoán, a 3 chết 1 cách không bao giờ ngờ đến được",@tuongkane7073,2025-05-22,12:27:03
qPxs8zX7q-0,neutral,❤,@rockyjohnson2511,2025-05-21,11:33:03
qPxs8zX7q-0,neutral,này gióng this war of mine mà anh dũng từng chơi nhỉ.. cái kia thế chiến .. cái này zombie,@TruongPham-uv1tl,2025-05-21,01:15:08
qPxs8zX7q-0,neutral,hi,@ThanhVu-kt7xz,2025-05-30,17:32:07
qPxs8zX7q-0,neutral,a làm quả seri về teamup đi bắn nhau với mấy con zoombie đi a,@hieule-cc2ml,2025-05-24,17:51:38
qPxs8zX7q-0,neutral,"😂 với tất cả suy đoán, a 3 chết 1 cách không bao giờ ngờ đến được",@tuongkane7073,2025-05-22,12:27:03
qPxs8zX7q-0,neutral,❤,@rockyjohnson2511,2025-05-21,11:33:03
qPxs8zX7q-0,neutral,này gióng this war of mine mà anh dũng từng chơi nhỉ.. cái kia thế chiến .. cái này zombie,@TruongPham-uv1tl,2025-05-21,01:15:08
qPxs8zX7q-0,neutral,hi,@ThanhVu-kt7xz,2025-05-30,17:32:07
qPxs8zX7q-0,neutral,a làm quả seri về teamup đi bắn nhau với mấy con zoombie đi a,@hieule-cc2ml,2025-05-24,17:51:38
qPxs8zX7q-0,neutral,"😂 với tất cả suy đoán, a 3 chết 1 cách không bao giờ ngờ đến được",@tuongkane7073,2025-05-22,12:27:03
qPxs8zX7q-0,neutral,❤,@rockyjohnson2511,2025-05-21,11:33:03
qPxs8zX7q-0,neutral,này gióng this war of mine mà anh dũng từng chơi nhỉ.. cái kia thế chiến .. cái này zombie,@TruongPham-uv1tl,2025-05-21,01:15:08
qPxs8zX7q-0,neutral,hi,@ThanhVu-kt7xz,2025-05-30,17:32:07
qPxs8zX7q-0,neutral,a làm quả seri về teamup đi bắn nhau với mấy con zoombie đi a,@hieule-cc2ml,2025-05-24,17:51:38
qPxs8zX7q-0,neutral,"😂 với tất cả suy đoán, a 3 chết 1 cách không bao giờ ngờ đến được",@tuongkane7073,2025-05-22,12:27:03
qPxs8zX7q-0,neutral,❤,@rockyjohnson2511,2025-05-21,11:33:03
qPxs8zX7q-0,neutral,này gióng this war of mine mà anh dũng từng chơi nhỉ.. cái kia thế chiến .. cái này zombie,@TruongPham-uv1tl,2025-05-21,01:15:08
qPxs8zX7q-0,neutral,hi,@ThanhVu-kt7xz,2025-05-30,17:32:07
qPxs8zX7q-0,neutral,a làm quả seri về teamup đi bắn nhau với mấy con zoombie đi a,@hieule-cc2ml,2025-05-24,17:51:38
qPxs8zX7q-0,neutral,"😂 với tất cả suy đoán, a 3 chết 1 cách không bao giờ ngờ đến được",@tuongkane7073,2025-05-22,12:27:03
qPxs8zX7q-0,neutral,❤,@rockyjohnson2511,2025-05-21,11:33:03
qPxs8zX7q-0,neutral,này gióng this war of mine mà anh dũng từng chơi nhỉ.. cái kia thế chiến .. cái này zombie,@TruongPham-uv1tl,2025-05-21,01:15:08
g9hX4zCz1Og,neutral,,,,
pMHrbRweb6M,neutral,hell paradise,@heoheo9272,2025-05-28,17:17:33
pMHrbRweb6M,neutral,Kỹ năng của anh cao thật 😮❤👏,@minhtoanle2743,2025-05-26,14:49:45
pMHrbRweb6M,neutral,11:35 vcl kể chuyện,@Hoàng_Vũ_Trần,2025-05-26,14:41:36
pMHrbRweb6M,neutral,Còn tui thì nghĩ split fiction dễ goty hơn,@Tach7407,2025-05-22,15:37:32
pMHrbRweb6M,neutral,Con mẹ mấy ông ai hỏi 33:12  mà tự dưng xung phong tóm tắt vậy??? Spoil vl bực,@rokku1708,2025-05-21,18:42:32
pMHrbRweb6M,neutral,hell paradise,@heoheo9272,2025-05-28,17:17:33
pMHrbRweb6M,neutral,Kỹ năng của anh cao thật 😮❤👏,@minhtoanle2743,2025-05-26,14:49:45
pMHrbRweb6M,neutral,11:35 vcl kể chuyện,@Hoàng_Vũ_Trần,2025-05-26,14:41:36
pMHrbRweb6M,neutral,Còn tui thì nghĩ split fiction dễ goty hơn,@Tach7407,2025-05-22,15:37:32
pMHrbRweb6M,neutral,Con mẹ mấy ông ai hỏi 33:12  mà tự dưng xung phong tóm tắt vậy??? Spoil vl bực,@rokku1708,2025-05-21,18:42:32
pMHrbRweb6M,neutral,hell paradise,@heoheo9272,2025-05-28,17:17:33
pMHrbRweb6M,neutral,Kỹ năng của anh cao thật 😮❤👏,@minhtoanle2743,2025-05-26,14:49:45
pMHrbRweb6M,neutral,11:35 vcl kể chuyện,@Hoàng_Vũ_Trần,2025-05-26,14:41:36
pMHrbRweb6M,neutral,Còn tui thì nghĩ split fiction dễ goty hơn,@Tach7407,2025-05-22,15:37:32
pMHrbRweb6M,neutral,Con mẹ mấy ông ai hỏi 33:12  mà tự dưng xung phong tóm tắt vậy??? Spoil vl bực,@rokku1708,2025-05-21,18:42:32
pMHrbRweb6M,neutral,hell paradise,@heoheo9272,2025-05-28,17:17:33
pMHrbRweb6M,neutral,Kỹ năng của anh cao thật 😮❤👏,@minhtoanle2743,2025-05-26,14:49:45
pMHrbRweb6M,neutral,11:35 vcl kể chuyện,@Hoàng_Vũ_Trần,2025-05-26,14:41:36
pMHrbRweb6M,neutral,Còn tui thì nghĩ split fiction dễ goty hơn,@Tach7407,2025-05-22,15:37:32
pMHrbRweb6M,neutral,Con mẹ mấy ông ai hỏi 33:12  mà tự dưng xung phong tóm tắt vậy??? Spoil vl bực,@rokku1708,2025-05-21,18:42:32
pMHrbRweb6M,neutral,hell paradise,@heoheo9272,2025-05-28,17:17:33
pMHrbRweb6M,neutral,Kỹ năng của anh cao thật 😮❤👏,@minhtoanle2743,2025-05-26,14:49:45
pMHrbRweb6M,neutral,11:35 vcl kể chuyện,@Hoàng_Vũ_Trần,2025-05-26,14:41:36
pMHrbRweb6M,neutral,Còn tui thì nghĩ split fiction dễ goty hơn,@Tach7407,2025-05-22,15:37:32
pMHrbRweb6M,neutral,Con mẹ mấy ông ai hỏi 33:12  mà tự dưng xung phong tóm tắt vậy??? Spoil vl bực,@rokku1708,2025-05-21,18:42:32
rlJWXmZCCDE,neutral,Dũng hài vãi chưởng e,@bimat1nghin,2025-05-31,05:51:57
rlJWXmZCCDE,neutral,K so sánh nha bro mỗi ng có thế mạnh riêng,@phucauquan8571,2025-05-31,03:03:01
rlJWXmZCCDE,neutral,k nghi team hon dau,@AnLêthành-p9w,2025-05-27,12:48:51
rlJWXmZCCDE,neutral,tấu hài của mĩigamer,@minhtri2014-r1n,2025-05-27,03:28:07
rlJWXmZCCDE,neutral,"So sánh kiểu này ko vui đâu, thật á 😅",@cternguythuan750,2025-05-25,04:07:41
rlJWXmZCCDE,neutral,Dũng hài vãi chưởng e,@bimat1nghin,2025-05-31,05:51:57
rlJWXmZCCDE,neutral,K so sánh nha bro mỗi ng có thế mạnh riêng,@phucauquan8571,2025-05-31,03:03:01
rlJWXmZCCDE,neutral,k nghi team hon dau,@AnLêthành-p9w,2025-05-27,12:48:51
rlJWXmZCCDE,neutral,tấu hài của mĩigamer,@minhtri2014-r1n,2025-05-27,03:28:07
rlJWXmZCCDE,neutral,"So sánh kiểu này ko vui đâu, thật á 😅",@cternguythuan750,2025-05-25,04:07:41
rlJWXmZCCDE,neutral,Dũng hài vãi chưởng e,@bimat1nghin,2025-05-31,05:51:57
rlJWXmZCCDE,neutral,K so sánh nha bro mỗi ng có thế mạnh riêng,@phucauquan8571,2025-05-31,03:03:01
rlJWXmZCCDE,neutral,k nghi team hon dau,@AnLêthành-p9w,2025-05-27,12:48:51
rlJWXmZCCDE,neutral,tấu hài của mĩigamer,@minhtri2014-r1n,2025-05-27,03:28:07
rlJWXmZCCDE,neutral,"So sánh kiểu này ko vui đâu, thật á 😅",@cternguythuan750,2025-05-25,04:07:41
rlJWXmZCCDE,neutral,Dũng hài vãi chưởng e,@bimat1nghin,2025-05-31,05:51:57
rlJWXmZCCDE,neutral,K so sánh nha bro mỗi ng có thế mạnh riêng,@phucauquan8571,2025-05-31,03:03:01
rlJWXmZCCDE,neutral,k nghi team hon dau,@AnLêthành-p9w,2025-05-27,12:48:51
rlJWXmZCCDE,neutral,tấu hài của mĩigamer,@minhtri2014-r1n,2025-05-27,03:28:07
rlJWXmZCCDE,neutral,"So sánh kiểu này ko vui đâu, thật á 😅",@cternguythuan750,2025-05-25,04:07:41
rlJWXmZCCDE,neutral,Dũng hài vãi chưởng e,@bimat1nghin,2025-05-31,05:51:57
rlJWXmZCCDE,neutral,K so sánh nha bro mỗi ng có thế mạnh riêng,@phucauquan8571,2025-05-31,03:03:01
rlJWXmZCCDE,neutral,k nghi team hon dau,@AnLêthành-p9w,2025-05-27,12:48:51
rlJWXmZCCDE,neutral,tấu hài của mĩigamer,@minhtri2014-r1n,2025-05-27,03:28:07
rlJWXmZCCDE,neutral,"So sánh kiểu này ko vui đâu, thật á 😅",@cternguythuan750,2025-05-25,04:07:41
CAzS_soXk4s,negative,game l ko biết ai là quỷ luôn,@dangnguyenhuu9414,2025-05-27,19:21:17
CAzS_soXk4s,negative,Anh thử chơi game wuthering Waves thử xem,@TháiBảoNguyễnNgọc-f1d,2025-05-27,15:33:11
CAzS_soXk4s,negative,Đọc title tưởng dmc :v,@NDA766,2025-05-26,14:48:48
CAzS_soXk4s,negative,Chơi tiếp nào lão ơi,@haugiangmotovlog3839,2025-05-23,14:32:55
CAzS_soXk4s,negative,ultra-nightmare: giấc mơ đẹp 😂😂😂😂,@ThangNguyen-op3yt,2025-05-23,13:57:22
CAzS_soXk4s,negative,game l ko biết ai là quỷ luôn,@dangnguyenhuu9414,2025-05-27,19:21:17
CAzS_soXk4s,negative,Anh thử chơi game wuthering Waves thử xem,@TháiBảoNguyễnNgọc-f1d,2025-05-27,15:33:11
CAzS_soXk4s,negative,Đọc title tưởng dmc :v,@NDA766,2025-05-26,14:48:48
CAzS_soXk4s,negative,Chơi tiếp nào lão ơi,@haugiangmotovlog3839,2025-05-23,14:32:55
CAzS_soXk4s,negative,ultra-nightmare: giấc mơ đẹp 😂😂😂😂,@ThangNguyen-op3yt,2025-05-23,13:57:22
CAzS_soXk4s,neutral,game l ko biết ai là quỷ luôn,@dangnguyenhuu9414,2025-05-27,19:21:17
CAzS_soXk4s,neutral,Anh thử chơi game wuthering Waves thử xem,@TháiBảoNguyễnNgọc-f1d,2025-05-27,15:33:11
CAzS_soXk4s,neutral,Đọc title tưởng dmc :v,@NDA766,2025-05-26,14:48:48
CAzS_soXk4s,neutral,Chơi tiếp nào lão ơi,@haugiangmotovlog3839,2025-05-23,14:32:55
CAzS_soXk4s,neutral,ultra-nightmare: giấc mơ đẹp 😂😂😂😂,@ThangNguyen-op3yt,2025-05-23,13:57:22
CAzS_soXk4s,neutral,game l ko biết ai là quỷ luôn,@dangnguyenhuu9414,2025-05-27,19:21:17
CAzS_soXk4s,neutral,Anh thử chơi game wuthering Waves thử xem,@TháiBảoNguyễnNgọc-f1d,2025-05-27,15:33:11
CAzS_soXk4s,neutral,Đọc title tưởng dmc :v,@NDA766,2025-05-26,14:48:48
CAzS_soXk4s,neutral,Chơi tiếp nào lão ơi,@haugiangmotovlog3839,2025-05-23,14:32:55
CAzS_soXk4s,neutral,ultra-nightmare: giấc mơ đẹp 😂😂😂😂,@ThangNguyen-op3yt,2025-05-23,13:57:22
CAzS_soXk4s,neutral,game l ko biết ai là quỷ luôn,@dangnguyenhuu9414,2025-05-27,19:21:17
CAzS_soXk4s,neutral,Anh thử chơi game wuthering Waves thử xem,@TháiBảoNguyễnNgọc-f1d,2025-05-27,15:33:11
CAzS_soXk4s,neutral,Đọc title tưởng dmc :v,@NDA766,2025-05-26,14:48:48
CAzS_soXk4s,neutral,Chơi tiếp nào lão ơi,@haugiangmotovlog3839,2025-05-23,14:32:55
CAzS_soXk4s,neutral,ultra-nightmare: giấc mơ đẹp 😂😂😂😂,@ThangNguyen-op3yt,2025-05-23,13:57:22
KUOyHE7f6aA,neutral,hi,@ThanhVu-kt7xz,2025-05-30,17:31:50
KUOyHE7f6aA,neutral,tập tiếp theo sếp dẽo,@PhongNguyen-bg8bl,2025-05-20,15:47:05
KUOyHE7f6aA,neutral,Bh chơi tiếp v a hóng quá 🎉,@nhacuatien1931,2025-05-18,10:04:49
KUOyHE7f6aA,neutral,Xem ông Dũng chơi game cũng vui nhưng ông này chơi game bỏ xót nhiều thứ quá phí công mấy ông làm game,@Tuan_Vip,2025-05-18,04:13:07
KUOyHE7f6aA,neutral,Pc của anh cấu hình sao vậy ạ,@thinhmai3875,2025-05-17,06:52:50
KUOyHE7f6aA,neutral,hi,@ThanhVu-kt7xz,2025-05-30,17:31:50
KUOyHE7f6aA,neutral,tập tiếp theo sếp dẽo,@PhongNguyen-bg8bl,2025-05-20,15:47:05
KUOyHE7f6aA,neutral,Bh chơi tiếp v a hóng quá 🎉,@nhacuatien1931,2025-05-18,10:04:49
KUOyHE7f6aA,neutral,Xem ông Dũng chơi game cũng vui nhưng ông này chơi game bỏ xót nhiều thứ quá phí công mấy ông làm game,@Tuan_Vip,2025-05-18,04:13:07
KUOyHE7f6aA,neutral,Pc của anh cấu hình sao vậy ạ,@thinhmai3875,2025-05-17,06:52:50
KUOyHE7f6aA,neutral,hi,@ThanhVu-kt7xz,2025-05-30,17:31:50
KUOyHE7f6aA,neutral,tập tiếp theo sếp dẽo,@PhongNguyen-bg8bl,2025-05-20,15:47:05
KUOyHE7f6aA,neutral,Bh chơi tiếp v a hóng quá 🎉,@nhacuatien1931,2025-05-18,10:04:49
KUOyHE7f6aA,neutral,Xem ông Dũng chơi game cũng vui nhưng ông này chơi game bỏ xót nhiều thứ quá phí công mấy ông làm game,@Tuan_Vip,2025-05-18,04:13:07
KUOyHE7f6aA,neutral,Pc của anh cấu hình sao vậy ạ,@thinhmai3875,2025-05-17,06:52:50
KUOyHE7f6aA,negative,hi,@ThanhVu-kt7xz,2025-05-30,17:31:50
KUOyHE7f6aA,negative,tập tiếp theo sếp dẽo,@PhongNguyen-bg8bl,2025-05-20,15:47:05
KUOyHE7f6aA,negative,Bh chơi tiếp v a hóng quá 🎉,@nhacuatien1931,2025-05-18,10:04:49
KUOyHE7f6aA,negative,Xem ông Dũng chơi game cũng vui nhưng ông này chơi game bỏ xót nhiều thứ quá phí công mấy ông làm game,@Tuan_Vip,2025-05-18,04:13:07
KUOyHE7f6aA,negative,Pc của anh cấu hình sao vậy ạ,@thinhmai3875,2025-05-17,06:52:50
KUOyHE7f6aA,neutral,hi,@ThanhVu-kt7xz,2025-05-30,17:31:50
KUOyHE7f6aA,neutral,tập tiếp theo sếp dẽo,@PhongNguyen-bg8bl,2025-05-20,15:47:05
KUOyHE7f6aA,neutral,Bh chơi tiếp v a hóng quá 🎉,@nhacuatien1931,2025-05-18,10:04:49
KUOyHE7f6aA,neutral,Xem ông Dũng chơi game cũng vui nhưng ông này chơi game bỏ xót nhiều thứ quá phí công mấy ông làm game,@Tuan_Vip,2025-05-18,04:13:07
KUOyHE7f6aA,neutral,Pc của anh cấu hình sao vậy ạ,@thinhmai3875,2025-05-17,06:52:50
-1ta-B1lA3s,neutral,3:58:54 dí anh tôi vl🙃,@mugentsukuyomi4197,2025-05-31,14:41:41
-1ta-B1lA3s,neutral,1:39:04 vcl hoàng đế bug:))))),@mugentsukuyomi4197,2025-05-30,08:41:16
-1ta-B1lA3s,neutral,vcl học sinh giỏi thì lão ko chúc mấy thằng cá độ thì lão lại good luck mẹ văn với vở,@Wmi1-Wy,2025-05-23,04:13:06
-1ta-B1lA3s,neutral,"😂😂😂 quả 2 đứa Alan với Oli lẳng ngoằng đúng như ông Dũng nói.
Giảm 1/3 sau đó Alan đánh nhau Cavil xong là nó khai thế là ngon hơn.
Đúng tiêu chảy mà",@haihoang-km3nj,2025-05-18,17:30:22
-1ta-B1lA3s,neutral,game dài kinh,@truongbakery2441,2025-05-18,04:15:19
-1ta-B1lA3s,positive,3:58:54 dí anh tôi vl🙃,@mugentsukuyomi4197,2025-05-31,14:41:41
-1ta-B1lA3s,positive,1:39:04 vcl hoàng đế bug:))))),@mugentsukuyomi4197,2025-05-30,08:41:16
-1ta-B1lA3s,positive,vcl học sinh giỏi thì lão ko chúc mấy thằng cá độ thì lão lại good luck mẹ văn với vở,@Wmi1-Wy,2025-05-23,04:13:06
-1ta-B1lA3s,positive,"😂😂😂 quả 2 đứa Alan với Oli lẳng ngoằng đúng như ông Dũng nói.
Giảm 1/3 sau đó Alan đánh nhau Cavil xong là nó khai thế là ngon hơn.
Đúng tiêu chảy mà",@haihoang-km3nj,2025-05-18,17:30:22
-1ta-B1lA3s,positive,game dài kinh,@truongbakery2441,2025-05-18,04:15:19
-1ta-B1lA3s,positive,3:58:54 dí anh tôi vl🙃,@mugentsukuyomi4197,2025-05-31,14:41:41
-1ta-B1lA3s,positive,1:39:04 vcl hoàng đế bug:))))),@mugentsukuyomi4197,2025-05-30,08:41:16
-1ta-B1lA3s,positive,vcl học sinh giỏi thì lão ko chúc mấy thằng cá độ thì lão lại good luck mẹ văn với vở,@Wmi1-Wy,2025-05-23,04:13:06
-1ta-B1lA3s,positive,"😂😂😂 quả 2 đứa Alan với Oli lẳng ngoằng đúng như ông Dũng nói.
Giảm 1/3 sau đó Alan đánh nhau Cavil xong là nó khai thế là ngon hơn.
Đúng tiêu chảy mà",@haihoang-km3nj,2025-05-18,17:30:22
-1ta-B1lA3s,positive,game dài kinh,@truongbakery2441,2025-05-18,04:15:19
-1ta-B1lA3s,neutral,3:58:54 dí anh tôi vl🙃,@mugentsukuyomi4197,2025-05-31,14:41:41
-1ta-B1lA3s,neutral,1:39:04 vcl hoàng đế bug:))))),@mugentsukuyomi4197,2025-05-30,08:41:16
-1ta-B1lA3s,neutral,vcl học sinh giỏi thì lão ko chúc mấy thằng cá độ thì lão lại good luck mẹ văn với vở,@Wmi1-Wy,2025-05-23,04:13:06
-1ta-B1lA3s,neutral,"😂😂😂 quả 2 đứa Alan với Oli lẳng ngoằng đúng như ông Dũng nói.
Giảm 1/3 sau đó Alan đánh nhau Cavil xong là nó khai thế là ngon hơn.
Đúng tiêu chảy mà",@haihoang-km3nj,2025-05-18,17:30:22
-1ta-B1lA3s,neutral,game dài kinh,@truongbakery2441,2025-05-18,04:15:19
-1ta-B1lA3s,negative,3:58:54 dí anh tôi vl🙃,@mugentsukuyomi4197,2025-05-31,14:41:41
-1ta-B1lA3s,negative,1:39:04 vcl hoàng đế bug:))))),@mugentsukuyomi4197,2025-05-30,08:41:16
-1ta-B1lA3s,negative,vcl học sinh giỏi thì lão ko chúc mấy thằng cá độ thì lão lại good luck mẹ văn với vở,@Wmi1-Wy,2025-05-23,04:13:06
-1ta-B1lA3s,negative,"😂😂😂 quả 2 đứa Alan với Oli lẳng ngoằng đúng như ông Dũng nói.
Giảm 1/3 sau đó Alan đánh nhau Cavil xong là nó khai thế là ngon hơn.
Đúng tiêu chảy mà",@haihoang-km3nj,2025-05-18,17:30:22
-1ta-B1lA3s,negative,game dài kinh,@truongbakery2441,2025-05-18,04:15:19
RjZc2kAuZlE,neutral,2k7 năm nay thi,@huanhoatan,2025-03-18,15:14:59
RjZc2kAuZlE,neutral,em giờ học lớp 10 vẫn học thêm thầy Nguyên Hình này :)),@mnmusic25160,2024-12-18,03:47:57
RjZc2kAuZlE,neutral,Mai thi r tự nhiện tìm lại vd này các ae 2k6 thi tốt nhé,@VietNguyen-zs6cz,2024-06-26,16:49:46
RjZc2kAuZlE,neutral,"h xem lại cái này thấy ông Đạt học thầy Nguyên dạy hình ở trung tâm Thăng Long Chùa Bộc Hà Nội khét tiếng một thời =)))
còn thầy Trinh dạy đại, thầy Hưởng dạy Văn bộ ba luôn",@tuilakb6945,2023-09-28,05:03:31
RjZc2kAuZlE,neutral,mai tôi thi đại học r bây h ngồi xem lại hoài niệm quá,@ocngu978,2023-06-27,12:10:09
RjZc2kAuZlE,positive,2k7 năm nay thi,@huanhoatan,2025-03-18,15:14:59
RjZc2kAuZlE,positive,em giờ học lớp 10 vẫn học thêm thầy Nguyên Hình này :)),@mnmusic25160,2024-12-18,03:47:57
RjZc2kAuZlE,positive,Mai thi r tự nhiện tìm lại vd này các ae 2k6 thi tốt nhé,@VietNguyen-zs6cz,2024-06-26,16:49:46
RjZc2kAuZlE,positive,"h xem lại cái này thấy ông Đạt học thầy Nguyên dạy hình ở trung tâm Thăng Long Chùa Bộc Hà Nội khét tiếng một thời =)))
còn thầy Trinh dạy đại, thầy Hưởng dạy Văn bộ ba luôn",@tuilakb6945,2023-09-28,05:03:31
RjZc2kAuZlE,positive,mai tôi thi đại học r bây h ngồi xem lại hoài niệm quá,@ocngu978,2023-06-27,12:10:09
RjZc2kAuZlE,neutral,2k7 năm nay thi,@huanhoatan,2025-03-18,15:14:59
RjZc2kAuZlE,neutral,em giờ học lớp 10 vẫn học thêm thầy Nguyên Hình này :)),@mnmusic25160,2024-12-18,03:47:57
RjZc2kAuZlE,neutral,Mai thi r tự nhiện tìm lại vd này các ae 2k6 thi tốt nhé,@VietNguyen-zs6cz,2024-06-26,16:49:46
RjZc2kAuZlE,neutral,"h xem lại cái này thấy ông Đạt học thầy Nguyên dạy hình ở trung tâm Thăng Long Chùa Bộc Hà Nội khét tiếng một thời =)))
còn thầy Trinh dạy đại, thầy Hưởng dạy Văn bộ ba luôn",@tuilakb6945,2023-09-28,05:03:31
RjZc2kAuZlE,neutral,mai tôi thi đại học r bây h ngồi xem lại hoài niệm quá,@ocngu978,2023-06-27,12:10:09
RjZc2kAuZlE,positive,2k7 năm nay thi,@huanhoatan,2025-03-18,15:14:59
RjZc2kAuZlE,positive,em giờ học lớp 10 vẫn học thêm thầy Nguyên Hình này :)),@mnmusic25160,2024-12-18,03:47:57
RjZc2kAuZlE,positive,Mai thi r tự nhiện tìm lại vd này các ae 2k6 thi tốt nhé,@VietNguyen-zs6cz,2024-06-26,16:49:46
RjZc2kAuZlE,positive,"h xem lại cái này thấy ông Đạt học thầy Nguyên dạy hình ở trung tâm Thăng Long Chùa Bộc Hà Nội khét tiếng một thời =)))
còn thầy Trinh dạy đại, thầy Hưởng dạy Văn bộ ba luôn",@tuilakb6945,2023-09-28,05:03:31
RjZc2kAuZlE,positive,mai tôi thi đại học r bây h ngồi xem lại hoài niệm quá,@ocngu978,2023-06-27,12:10:09
RjZc2kAuZlE,neutral,2k7 năm nay thi,@huanhoatan,2025-03-18,15:14:59
RjZc2kAuZlE,neutral,em giờ học lớp 10 vẫn học thêm thầy Nguyên Hình này :)),@mnmusic25160,2024-12-18,03:47:57
RjZc2kAuZlE,neutral,Mai thi r tự nhiện tìm lại vd này các ae 2k6 thi tốt nhé,@VietNguyen-zs6cz,2024-06-26,16:49:46
RjZc2kAuZlE,neutral,"h xem lại cái này thấy ông Đạt học thầy Nguyên dạy hình ở trung tâm Thăng Long Chùa Bộc Hà Nội khét tiếng một thời =)))
còn thầy Trinh dạy đại, thầy Hưởng dạy Văn bộ ba luôn",@tuilakb6945,2023-09-28,05:03:31
RjZc2kAuZlE,neutral,mai tôi thi đại học r bây h ngồi xem lại hoài niệm quá,@ocngu978,2023-06-27,12:10:09
wrXf-5OZ4Bo,neutral,Tốc độ ánh sáng😂,@anbaoan1234-dp3ym,2025-05-25,06:00:32
wrXf-5OZ4Bo,neutral,"Lão Dũng mất bình tĩnh
Con ma + 1 bình tĩnh",@Krysmoon1992,2025-05-24,16:01:49
wrXf-5OZ4Bo,neutral,"con game này lão dẽo chơi lâu r mà, nhưg đoạn này đúng hài luôn",@DungCT1993,2025-05-21,16:09:08
wrXf-5OZ4Bo,neutral,🥹🥹😅😂 xem ổng chơi game thì hài thật nhưng nếu ngược lại thì chúng ta rụn tim k chừng🤧,@ThanhNguyen-vf6ij,2025-05-19,14:06:25
wrXf-5OZ4Bo,neutral,Tốc độ ánh sáng😂,@anbaoan1234-dp3ym,2025-05-25,06:00:32
wrXf-5OZ4Bo,neutral,"Lão Dũng mất bình tĩnh
Con ma + 1 bình tĩnh",@Krysmoon1992,2025-05-24,16:01:49
wrXf-5OZ4Bo,neutral,"con game này lão dẽo chơi lâu r mà, nhưg đoạn này đúng hài luôn",@DungCT1993,2025-05-21,16:09:08
wrXf-5OZ4Bo,neutral,🥹🥹😅😂 xem ổng chơi game thì hài thật nhưng nếu ngược lại thì chúng ta rụn tim k chừng🤧,@ThanhNguyen-vf6ij,2025-05-19,14:06:25
wrXf-5OZ4Bo,negative,Tốc độ ánh sáng😂,@anbaoan1234-dp3ym,2025-05-25,06:00:32
wrXf-5OZ4Bo,negative,"Lão Dũng mất bình tĩnh
Con ma + 1 bình tĩnh",@Krysmoon1992,2025-05-24,16:01:49
wrXf-5OZ4Bo,negative,"con game này lão dẽo chơi lâu r mà, nhưg đoạn này đúng hài luôn",@DungCT1993,2025-05-21,16:09:08
wrXf-5OZ4Bo,negative,🥹🥹😅😂 xem ổng chơi game thì hài thật nhưng nếu ngược lại thì chúng ta rụn tim k chừng🤧,@ThanhNguyen-vf6ij,2025-05-19,14:06:25
wrXf-5OZ4Bo,negative,Tốc độ ánh sáng😂,@anbaoan1234-dp3ym,2025-05-25,06:00:32
wrXf-5OZ4Bo,negative,"Lão Dũng mất bình tĩnh
Con ma + 1 bình tĩnh",@Krysmoon1992,2025-05-24,16:01:49
wrXf-5OZ4Bo,negative,"con game này lão dẽo chơi lâu r mà, nhưg đoạn này đúng hài luôn",@DungCT1993,2025-05-21,16:09:08
wrXf-5OZ4Bo,negative,🥹🥹😅😂 xem ổng chơi game thì hài thật nhưng nếu ngược lại thì chúng ta rụn tim k chừng🤧,@ThanhNguyen-vf6ij,2025-05-19,14:06:25
ojG2MtVBvxo,positive,Đợi anh chơi game này lâu lắm r :D VN Vô địch,@quythanh7931,2025-03-26,13:08:59
ojG2MtVBvxo,positive,❤️,@rockyjohnson2511,2025-02-16,17:37:42
ojG2MtVBvxo,positive,Nai xừ ❤,@mottobunboo,2025-02-03,18:59:37
ojG2MtVBvxo,positive,19:45 SAO MÌNH LÙN THẾ???,@aquarius1102,2025-02-03,03:39:51
ojG2MtVBvxo,positive,1:07:10 ((:,@tuanngoc-dw2xg,2025-02-02,15:46:25
ojG2MtVBvxo,neutral,Đợi anh chơi game này lâu lắm r :D VN Vô địch,@quythanh7931,2025-03-26,13:08:59
ojG2MtVBvxo,neutral,❤️,@rockyjohnson2511,2025-02-16,17:37:42
ojG2MtVBvxo,neutral,Nai xừ ❤,@mottobunboo,2025-02-03,18:59:37
ojG2MtVBvxo,neutral,19:45 SAO MÌNH LÙN THẾ???,@aquarius1102,2025-02-03,03:39:51
ojG2MtVBvxo,neutral,1:07:10 ((:,@tuanngoc-dw2xg,2025-02-02,15:46:25
ojG2MtVBvxo,neutral,Đợi anh chơi game này lâu lắm r :D VN Vô địch,@quythanh7931,2025-03-26,13:08:59
ojG2MtVBvxo,neutral,❤️,@rockyjohnson2511,2025-02-16,17:37:42
ojG2MtVBvxo,neutral,Nai xừ ❤,@mottobunboo,2025-02-03,18:59:37
ojG2MtVBvxo,neutral,19:45 SAO MÌNH LÙN THẾ???,@aquarius1102,2025-02-03,03:39:51
ojG2MtVBvxo,neutral,1:07:10 ((:,@tuanngoc-dw2xg,2025-02-02,15:46:25
ojG2MtVBvxo,neutral,Đợi anh chơi game này lâu lắm r :D VN Vô địch,@quythanh7931,2025-03-26,13:08:59
ojG2MtVBvxo,neutral,❤️,@rockyjohnson2511,2025-02-16,17:37:42
ojG2MtVBvxo,neutral,Nai xừ ❤,@mottobunboo,2025-02-03,18:59:37
ojG2MtVBvxo,neutral,19:45 SAO MÌNH LÙN THẾ???,@aquarius1102,2025-02-03,03:39:51
ojG2MtVBvxo,neutral,1:07:10 ((:,@tuanngoc-dw2xg,2025-02-02,15:46:25
ojG2MtVBvxo,neutral,Đợi anh chơi game này lâu lắm r :D VN Vô địch,@quythanh7931,2025-03-26,13:08:59
ojG2MtVBvxo,neutral,❤️,@rockyjohnson2511,2025-02-16,17:37:42
ojG2MtVBvxo,neutral,Nai xừ ❤,@mottobunboo,2025-02-03,18:59:37
ojG2MtVBvxo,neutral,19:45 SAO MÌNH LÙN THẾ???,@aquarius1102,2025-02-03,03:39:51
ojG2MtVBvxo,neutral,1:07:10 ((:,@tuanngoc-dw2xg,2025-02-02,15:46:25
b37bdtitay0,negative,công nhận anh chơi game gà vc luôn anh ơi ,@cangnguyen2623,2025-05-17,11:37:26
b37bdtitay0,negative,q,@Vladimir0Pudu,2025-05-14,03:35:04
b37bdtitay0,negative,con game hay vãi ạ.,@manhkhoanguyen5788,2025-04-21,07:15:48
b37bdtitay0,negative,milu,@animechennal118,2025-04-06,18:05:34
b37bdtitay0,negative,52:56 khịa time :>>>>>,@quote9178,2025-04-05,12:26:29
b37bdtitay0,neutral,công nhận anh chơi game gà vc luôn anh ơi ,@cangnguyen2623,2025-05-17,11:37:26
b37bdtitay0,neutral,q,@Vladimir0Pudu,2025-05-14,03:35:04
b37bdtitay0,neutral,con game hay vãi ạ.,@manhkhoanguyen5788,2025-04-21,07:15:48
b37bdtitay0,neutral,milu,@animechennal118,2025-04-06,18:05:34
b37bdtitay0,neutral,52:56 khịa time :>>>>>,@quote9178,2025-04-05,12:26:29
b37bdtitay0,negative,công nhận anh chơi game gà vc luôn anh ơi ,@cangnguyen2623,2025-05-17,11:37:26
b37bdtitay0,negative,q,@Vladimir0Pudu,2025-05-14,03:35:04
b37bdtitay0,negative,con game hay vãi ạ.,@manhkhoanguyen5788,2025-04-21,07:15:48
b37bdtitay0,negative,milu,@animechennal118,2025-04-06,18:05:34
b37bdtitay0,negative,52:56 khịa time :>>>>>,@quote9178,2025-04-05,12:26:29
b37bdtitay0,neutral,công nhận anh chơi game gà vc luôn anh ơi ,@cangnguyen2623,2025-05-17,11:37:26
b37bdtitay0,neutral,q,@Vladimir0Pudu,2025-05-14,03:35:04
b37bdtitay0,neutral,con game hay vãi ạ.,@manhkhoanguyen5788,2025-04-21,07:15:48
b37bdtitay0,neutral,milu,@animechennal118,2025-04-06,18:05:34
b37bdtitay0,neutral,52:56 khịa time :>>>>>,@quote9178,2025-04-05,12:26:29
b37bdtitay0,neutral,công nhận anh chơi game gà vc luôn anh ơi ,@cangnguyen2623,2025-05-17,11:37:26
b37bdtitay0,neutral,q,@Vladimir0Pudu,2025-05-14,03:35:04
b37bdtitay0,neutral,con game hay vãi ạ.,@manhkhoanguyen5788,2025-04-21,07:15:48
b37bdtitay0,neutral,milu,@animechennal118,2025-04-06,18:05:34
b37bdtitay0,neutral,52:56 khịa time :>>>>>,@quote9178,2025-04-05,12:26:29
zQpNa1VImS0,neutral,nhà làm game này chắc có ấn tượng với đi nặng thì ph :)))))))),@MeNot-k7l,2025-05-26,06:19:00
zQpNa1VImS0,neutral,54:31 câu hát huyền thoại🔥😂,@Memes-555-vpn,2025-05-13,18:15:55
zQpNa1VImS0,neutral,"vụ này hình như bên Mê Phá Án cũng có làm, ổng là cựu cảnh sát nên biết cách gây án xong xoá dấu vết, nói tóm lại  rất khó để điều tra vì hầu như ko có manh mối, 1 trong những kẻ biến thái giet người hàng loạt của mỹ",@yiyi8384,2025-05-13,15:00:19
zQpNa1VImS0,neutral,"lần đầu tiên mk xem 1 game kinh dị hay như này, nó ko kiểu rùng rợn ma quỷ mà khiến cho ng chơi cảm giác rợn rợn gai gai, phải ovt mọi tình huống, lo sợ nghi ngờ mọi thứ dù ko biết là an toàn hay nguy hiểm trước mắt, kiểu nó khiến cho ngta tính suy đoán , đề phòng trước mọi hoàn cảnh,tạo cho ngta cảm giác nhập vai vào đúng nhân vật trong phim kinh dị gjet ng hàng loạt của mỹ. công nhận game đỉnh vl",@yiyi8384,2025-05-13,12:58:28
zQpNa1VImS0,neutral,Con game gì mà có cái bóng cái đầu con ma thoắt ẩn thoắt hiện ae nhỉ,@VõhồMinhhoàng-m4t,2025-04-30,15:46:43
zQpNa1VImS0,neutral,nhà làm game này chắc có ấn tượng với đi nặng thì ph :)))))))),@MeNot-k7l,2025-05-26,06:19:00
zQpNa1VImS0,neutral,54:31 câu hát huyền thoại🔥😂,@Memes-555-vpn,2025-05-13,18:15:55
zQpNa1VImS0,neutral,"vụ này hình như bên Mê Phá Án cũng có làm, ổng là cựu cảnh sát nên biết cách gây án xong xoá dấu vết, nói tóm lại  rất khó để điều tra vì hầu như ko có manh mối, 1 trong những kẻ biến thái giet người hàng loạt của mỹ",@yiyi8384,2025-05-13,15:00:19
zQpNa1VImS0,neutral,"lần đầu tiên mk xem 1 game kinh dị hay như này, nó ko kiểu rùng rợn ma quỷ mà khiến cho ng chơi cảm giác rợn rợn gai gai, phải ovt mọi tình huống, lo sợ nghi ngờ mọi thứ dù ko biết là an toàn hay nguy hiểm trước mắt, kiểu nó khiến cho ngta tính suy đoán , đề phòng trước mọi hoàn cảnh,tạo cho ngta cảm giác nhập vai vào đúng nhân vật trong phim kinh dị gjet ng hàng loạt của mỹ. công nhận game đỉnh vl",@yiyi8384,2025-05-13,12:58:28
zQpNa1VImS0,neutral,Con game gì mà có cái bóng cái đầu con ma thoắt ẩn thoắt hiện ae nhỉ,@VõhồMinhhoàng-m4t,2025-04-30,15:46:43
zQpNa1VImS0,neutral,nhà làm game này chắc có ấn tượng với đi nặng thì ph :)))))))),@MeNot-k7l,2025-05-26,06:19:00
zQpNa1VImS0,neutral,54:31 câu hát huyền thoại🔥😂,@Memes-555-vpn,2025-05-13,18:15:55
zQpNa1VImS0,neutral,"vụ này hình như bên Mê Phá Án cũng có làm, ổng là cựu cảnh sát nên biết cách gây án xong xoá dấu vết, nói tóm lại  rất khó để điều tra vì hầu như ko có manh mối, 1 trong những kẻ biến thái giet người hàng loạt của mỹ",@yiyi8384,2025-05-13,15:00:19
zQpNa1VImS0,neutral,"lần đầu tiên mk xem 1 game kinh dị hay như này, nó ko kiểu rùng rợn ma quỷ mà khiến cho ng chơi cảm giác rợn rợn gai gai, phải ovt mọi tình huống, lo sợ nghi ngờ mọi thứ dù ko biết là an toàn hay nguy hiểm trước mắt, kiểu nó khiến cho ngta tính suy đoán , đề phòng trước mọi hoàn cảnh,tạo cho ngta cảm giác nhập vai vào đúng nhân vật trong phim kinh dị gjet ng hàng loạt của mỹ. công nhận game đỉnh vl",@yiyi8384,2025-05-13,12:58:28
zQpNa1VImS0,neutral,Con game gì mà có cái bóng cái đầu con ma thoắt ẩn thoắt hiện ae nhỉ,@VõhồMinhhoàng-m4t,2025-04-30,15:46:43
zQpNa1VImS0,negative,nhà làm game này chắc có ấn tượng với đi nặng thì ph :)))))))),@MeNot-k7l,2025-05-26,06:19:00
zQpNa1VImS0,negative,54:31 câu hát huyền thoại🔥😂,@Memes-555-vpn,2025-05-13,18:15:55
zQpNa1VImS0,negative,"vụ này hình như bên Mê Phá Án cũng có làm, ổng là cựu cảnh sát nên biết cách gây án xong xoá dấu vết, nói tóm lại  rất khó để điều tra vì hầu như ko có manh mối, 1 trong những kẻ biến thái giet người hàng loạt của mỹ",@yiyi8384,2025-05-13,15:00:19
zQpNa1VImS0,negative,"lần đầu tiên mk xem 1 game kinh dị hay như này, nó ko kiểu rùng rợn ma quỷ mà khiến cho ng chơi cảm giác rợn rợn gai gai, phải ovt mọi tình huống, lo sợ nghi ngờ mọi thứ dù ko biết là an toàn hay nguy hiểm trước mắt, kiểu nó khiến cho ngta tính suy đoán , đề phòng trước mọi hoàn cảnh,tạo cho ngta cảm giác nhập vai vào đúng nhân vật trong phim kinh dị gjet ng hàng loạt của mỹ. công nhận game đỉnh vl",@yiyi8384,2025-05-13,12:58:28
zQpNa1VImS0,negative,Con game gì mà có cái bóng cái đầu con ma thoắt ẩn thoắt hiện ae nhỉ,@VõhồMinhhoàng-m4t,2025-04-30,15:46:43
zQpNa1VImS0,negative,nhà làm game này chắc có ấn tượng với đi nặng thì ph :)))))))),@MeNot-k7l,2025-05-26,06:19:00
zQpNa1VImS0,negative,54:31 câu hát huyền thoại🔥😂,@Memes-555-vpn,2025-05-13,18:15:55
zQpNa1VImS0,negative,"vụ này hình như bên Mê Phá Án cũng có làm, ổng là cựu cảnh sát nên biết cách gây án xong xoá dấu vết, nói tóm lại  rất khó để điều tra vì hầu như ko có manh mối, 1 trong những kẻ biến thái giet người hàng loạt của mỹ",@yiyi8384,2025-05-13,15:00:19
zQpNa1VImS0,negative,"lần đầu tiên mk xem 1 game kinh dị hay như này, nó ko kiểu rùng rợn ma quỷ mà khiến cho ng chơi cảm giác rợn rợn gai gai, phải ovt mọi tình huống, lo sợ nghi ngờ mọi thứ dù ko biết là an toàn hay nguy hiểm trước mắt, kiểu nó khiến cho ngta tính suy đoán , đề phòng trước mọi hoàn cảnh,tạo cho ngta cảm giác nhập vai vào đúng nhân vật trong phim kinh dị gjet ng hàng loạt của mỹ. công nhận game đỉnh vl",@yiyi8384,2025-05-13,12:58:28
zQpNa1VImS0,negative,Con game gì mà có cái bóng cái đầu con ma thoắt ẩn thoắt hiện ae nhỉ,@VõhồMinhhoàng-m4t,2025-04-30,15:46:43
nwKHE6M5tQk,neutral,hơn tháng rồi chưa thấy chú chơi lại 2:23:50,@quangthai4266,2025-05-16,13:57:26
nwKHE6M5tQk,neutral,game mid vl khong co p2 dau,@godslayer7905,2025-05-10,12:33:23
nwKHE6M5tQk,neutral,Tiếp đi anh ơi hay quáaaaa🎉🎉🎉🎉🎉,@trungang5901,2025-05-08,17:46:06
nwKHE6M5tQk,neutral,Khi nao co #2 z ae :((,@manhantruong7199,2025-05-03,15:18:58
nwKHE6M5tQk,neutral,"Ủa lão Dẽo đờ rốp con game này rồi hả ae, hóng mãi lão ra tập mới mà hơn tháng rồi vẫn chưa thấy😢😢",@_VoQuocTruongDuy,2025-05-02,08:46:12
nwKHE6M5tQk,negative,hơn tháng rồi chưa thấy chú chơi lại 2:23:50,@quangthai4266,2025-05-16,13:57:26
nwKHE6M5tQk,negative,game mid vl khong co p2 dau,@godslayer7905,2025-05-10,12:33:23
nwKHE6M5tQk,negative,Tiếp đi anh ơi hay quáaaaa🎉🎉🎉🎉🎉,@trungang5901,2025-05-08,17:46:06
nwKHE6M5tQk,negative,Khi nao co #2 z ae :((,@manhantruong7199,2025-05-03,15:18:58
nwKHE6M5tQk,negative,"Ủa lão Dẽo đờ rốp con game này rồi hả ae, hóng mãi lão ra tập mới mà hơn tháng rồi vẫn chưa thấy😢😢",@_VoQuocTruongDuy,2025-05-02,08:46:12
nwKHE6M5tQk,neutral,hơn tháng rồi chưa thấy chú chơi lại 2:23:50,@quangthai4266,2025-05-16,13:57:26
nwKHE6M5tQk,neutral,game mid vl khong co p2 dau,@godslayer7905,2025-05-10,12:33:23
nwKHE6M5tQk,neutral,Tiếp đi anh ơi hay quáaaaa🎉🎉🎉🎉🎉,@trungang5901,2025-05-08,17:46:06
nwKHE6M5tQk,neutral,Khi nao co #2 z ae :((,@manhantruong7199,2025-05-03,15:18:58
nwKHE6M5tQk,neutral,"Ủa lão Dẽo đờ rốp con game này rồi hả ae, hóng mãi lão ra tập mới mà hơn tháng rồi vẫn chưa thấy😢😢",@_VoQuocTruongDuy,2025-05-02,08:46:12
nwKHE6M5tQk,negative,hơn tháng rồi chưa thấy chú chơi lại 2:23:50,@quangthai4266,2025-05-16,13:57:26
nwKHE6M5tQk,negative,game mid vl khong co p2 dau,@godslayer7905,2025-05-10,12:33:23
nwKHE6M5tQk,negative,Tiếp đi anh ơi hay quáaaaa🎉🎉🎉🎉🎉,@trungang5901,2025-05-08,17:46:06
nwKHE6M5tQk,negative,Khi nao co #2 z ae :((,@manhantruong7199,2025-05-03,15:18:58
nwKHE6M5tQk,negative,"Ủa lão Dẽo đờ rốp con game này rồi hả ae, hóng mãi lão ra tập mới mà hơn tháng rồi vẫn chưa thấy😢😢",@_VoQuocTruongDuy,2025-05-02,08:46:12
nwKHE6M5tQk,negative,hơn tháng rồi chưa thấy chú chơi lại 2:23:50,@quangthai4266,2025-05-16,13:57:26
nwKHE6M5tQk,negative,game mid vl khong co p2 dau,@godslayer7905,2025-05-10,12:33:23
nwKHE6M5tQk,negative,Tiếp đi anh ơi hay quáaaaa🎉🎉🎉🎉🎉,@trungang5901,2025-05-08,17:46:06
nwKHE6M5tQk,negative,Khi nao co #2 z ae :((,@manhantruong7199,2025-05-03,15:18:58
nwKHE6M5tQk,negative,"Ủa lão Dẽo đờ rốp con game này rồi hả ae, hóng mãi lão ra tập mới mà hơn tháng rồi vẫn chưa thấy😢😢",@_VoQuocTruongDuy,2025-05-02,08:46:12
V6DewUcZzKQ,positive,ĐÉO BIẾT LÃO HỒI NÀY CÓ NUỐT LUÔN 1 LÍT CỦA ĐẠT KO :)))))))))))))))))))))))))),@longb5444,2025-05-17,15:39:52
V6DewUcZzKQ,positive,Haizz😢,@tamhuynh1297,2025-05-13,06:32:11
V6DewUcZzKQ,positive,Game tên j v anh,@Yenneesieuxinh,2025-04-13,03:59:07
V6DewUcZzKQ,positive,noen 2024 vẫn ngồi coi lại clip này vì hài ạ:))),@-AangMinhPhat-,2024-12-24,15:49:02
V6DewUcZzKQ,positive,.,@ĐứcKhánh-y5t,2024-11-24,03:38:18
V6DewUcZzKQ,neutral,ĐÉO BIẾT LÃO HỒI NÀY CÓ NUỐT LUÔN 1 LÍT CỦA ĐẠT KO :)))))))))))))))))))))))))),@longb5444,2025-05-17,15:39:52
V6DewUcZzKQ,neutral,Haizz😢,@tamhuynh1297,2025-05-13,06:32:11
V6DewUcZzKQ,neutral,Game tên j v anh,@Yenneesieuxinh,2025-04-13,03:59:07
V6DewUcZzKQ,neutral,noen 2024 vẫn ngồi coi lại clip này vì hài ạ:))),@-AangMinhPhat-,2024-12-24,15:49:02
V6DewUcZzKQ,neutral,.,@ĐứcKhánh-y5t,2024-11-24,03:38:18
V6DewUcZzKQ,negative,ĐÉO BIẾT LÃO HỒI NÀY CÓ NUỐT LUÔN 1 LÍT CỦA ĐẠT KO :)))))))))))))))))))))))))),@longb5444,2025-05-17,15:39:52
V6DewUcZzKQ,negative,Haizz😢,@tamhuynh1297,2025-05-13,06:32:11
V6DewUcZzKQ,negative,Game tên j v anh,@Yenneesieuxinh,2025-04-13,03:59:07
V6DewUcZzKQ,negative,noen 2024 vẫn ngồi coi lại clip này vì hài ạ:))),@-AangMinhPhat-,2024-12-24,15:49:02
V6DewUcZzKQ,negative,.,@ĐứcKhánh-y5t,2024-11-24,03:38:18
V6DewUcZzKQ,positive,ĐÉO BIẾT LÃO HỒI NÀY CÓ NUỐT LUÔN 1 LÍT CỦA ĐẠT KO :)))))))))))))))))))))))))),@longb5444,2025-05-17,15:39:52
V6DewUcZzKQ,positive,Haizz😢,@tamhuynh1297,2025-05-13,06:32:11
V6DewUcZzKQ,positive,Game tên j v anh,@Yenneesieuxinh,2025-04-13,03:59:07
V6DewUcZzKQ,positive,noen 2024 vẫn ngồi coi lại clip này vì hài ạ:))),@-AangMinhPhat-,2024-12-24,15:49:02
V6DewUcZzKQ,positive,.,@ĐứcKhánh-y5t,2024-11-24,03:38:18
V6DewUcZzKQ,neutral,ĐÉO BIẾT LÃO HỒI NÀY CÓ NUỐT LUÔN 1 LÍT CỦA ĐẠT KO :)))))))))))))))))))))))))),@longb5444,2025-05-17,15:39:52
V6DewUcZzKQ,neutral,Haizz😢,@tamhuynh1297,2025-05-13,06:32:11
V6DewUcZzKQ,neutral,Game tên j v anh,@Yenneesieuxinh,2025-04-13,03:59:07
V6DewUcZzKQ,neutral,noen 2024 vẫn ngồi coi lại clip này vì hài ạ:))),@-AangMinhPhat-,2024-12-24,15:49:02
V6DewUcZzKQ,neutral,.,@ĐứcKhánh-y5t,2024-11-24,03:38:18
7aJnShgDJcA,neutral,❤️,@leduy_dyan1002,2025-03-26,01:02:25
7aJnShgDJcA,neutral,"3:00: Bắt đầu trò chuyện với ae
1:06:04: khi người hướng nội đi ia :))
1:29:40: Có hiếu với gái, câu chuyện Bum và Gia Hân
1:42:40: Khi Cell tự hủy mà ko có sự góp mặt của Goku <("")
1:53:53: elden ring
1:58:15
2:33:12: ""Ngỗng"" cười mời ae thưởng thức .",@quocthangnguyen5900,2025-03-25,08:45:29
7aJnShgDJcA,neutral,T gián hết lá bùa lên tất cả đồ luôn,@nguyenvuhaovuhao,2025-03-14,13:37:09
7aJnShgDJcA,neutral,45:35,@D_N_T,2025-01-23,01:00:24
7aJnShgDJcA,neutral,"1:02:18 chơi lại
1:54:35 anh em cho tôi xin voice actor em này với, nghe giọng quen quen",@hetcuu876,2025-01-16,06:09:33
7aJnShgDJcA,positive,❤️,@leduy_dyan1002,2025-03-26,01:02:25
7aJnShgDJcA,positive,"3:00: Bắt đầu trò chuyện với ae
1:06:04: khi người hướng nội đi ia :))
1:29:40: Có hiếu với gái, câu chuyện Bum và Gia Hân
1:42:40: Khi Cell tự hủy mà ko có sự góp mặt của Goku <("")
1:53:53: elden ring
1:58:15
2:33:12: ""Ngỗng"" cười mời ae thưởng thức .",@quocthangnguyen5900,2025-03-25,08:45:29
7aJnShgDJcA,positive,T gián hết lá bùa lên tất cả đồ luôn,@nguyenvuhaovuhao,2025-03-14,13:37:09
7aJnShgDJcA,positive,45:35,@D_N_T,2025-01-23,01:00:24
7aJnShgDJcA,positive,"1:02:18 chơi lại
1:54:35 anh em cho tôi xin voice actor em này với, nghe giọng quen quen",@hetcuu876,2025-01-16,06:09:33
7aJnShgDJcA,neutral,❤️,@leduy_dyan1002,2025-03-26,01:02:25
7aJnShgDJcA,neutral,"3:00: Bắt đầu trò chuyện với ae
1:06:04: khi người hướng nội đi ia :))
1:29:40: Có hiếu với gái, câu chuyện Bum và Gia Hân
1:42:40: Khi Cell tự hủy mà ko có sự góp mặt của Goku <("")
1:53:53: elden ring
1:58:15
2:33:12: ""Ngỗng"" cười mời ae thưởng thức .",@quocthangnguyen5900,2025-03-25,08:45:29
7aJnShgDJcA,neutral,T gián hết lá bùa lên tất cả đồ luôn,@nguyenvuhaovuhao,2025-03-14,13:37:09
7aJnShgDJcA,neutral,45:35,@D_N_T,2025-01-23,01:00:24
7aJnShgDJcA,neutral,"1:02:18 chơi lại
1:54:35 anh em cho tôi xin voice actor em này với, nghe giọng quen quen",@hetcuu876,2025-01-16,06:09:33
7aJnShgDJcA,neutral,❤️,@leduy_dyan1002,2025-03-26,01:02:25
7aJnShgDJcA,neutral,"3:00: Bắt đầu trò chuyện với ae
1:06:04: khi người hướng nội đi ia :))
1:29:40: Có hiếu với gái, câu chuyện Bum và Gia Hân
1:42:40: Khi Cell tự hủy mà ko có sự góp mặt của Goku <("")
1:53:53: elden ring
1:58:15
2:33:12: ""Ngỗng"" cười mời ae thưởng thức .",@quocthangnguyen5900,2025-03-25,08:45:29
7aJnShgDJcA,neutral,T gián hết lá bùa lên tất cả đồ luôn,@nguyenvuhaovuhao,2025-03-14,13:37:09
7aJnShgDJcA,neutral,45:35,@D_N_T,2025-01-23,01:00:24
7aJnShgDJcA,neutral,"1:02:18 chơi lại
1:54:35 anh em cho tôi xin voice actor em này với, nghe giọng quen quen",@hetcuu876,2025-01-16,06:09:33
7aJnShgDJcA,neutral,❤️,@leduy_dyan1002,2025-03-26,01:02:25
7aJnShgDJcA,neutral,"3:00: Bắt đầu trò chuyện với ae
1:06:04: khi người hướng nội đi ia :))
1:29:40: Có hiếu với gái, câu chuyện Bum và Gia Hân
1:42:40: Khi Cell tự hủy mà ko có sự góp mặt của Goku <("")
1:53:53: elden ring
1:58:15
2:33:12: ""Ngỗng"" cười mời ae thưởng thức .",@quocthangnguyen5900,2025-03-25,08:45:29
7aJnShgDJcA,neutral,T gián hết lá bùa lên tất cả đồ luôn,@nguyenvuhaovuhao,2025-03-14,13:37:09
7aJnShgDJcA,neutral,45:35,@D_N_T,2025-01-23,01:00:24
7aJnShgDJcA,neutral,"1:02:18 chơi lại
1:54:35 anh em cho tôi xin voice actor em này với, nghe giọng quen quen",@hetcuu876,2025-01-16,06:09:33
zJyCGyoAKlM,neutral,Lâu r chưa thấy ra tiếp nhỉ,@CótiềnMai,2025-05-11,13:31:15
zJyCGyoAKlM,neutral,"nghe cái giọng hào hứng là hiểu ổng ủng hộ game việt như thế nào, lòng yêu dân tộc nồng nàn",@yiyi8384,2025-04-23,09:05:56
zJyCGyoAKlM,neutral,"tui mà có em mà em tui nó bị như vậy chắc tui xử chết cmn ông khầy luôn quá, tội em ko chịu đc",@henri_leviette,2025-04-21,05:07:49
zJyCGyoAKlM,neutral,có bản game full chưa nhỉ,@quochuynguyen5052,2025-04-21,02:17:32
zJyCGyoAKlM,neutral,chs game mà ns nhiều quá mất hay 🐧,@Ken_Arist,2025-03-17,04:26:34
zJyCGyoAKlM,negative,Lâu r chưa thấy ra tiếp nhỉ,@CótiềnMai,2025-05-11,13:31:15
zJyCGyoAKlM,negative,"nghe cái giọng hào hứng là hiểu ổng ủng hộ game việt như thế nào, lòng yêu dân tộc nồng nàn",@yiyi8384,2025-04-23,09:05:56
zJyCGyoAKlM,negative,"tui mà có em mà em tui nó bị như vậy chắc tui xử chết cmn ông khầy luôn quá, tội em ko chịu đc",@henri_leviette,2025-04-21,05:07:49
zJyCGyoAKlM,negative,có bản game full chưa nhỉ,@quochuynguyen5052,2025-04-21,02:17:32
zJyCGyoAKlM,negative,chs game mà ns nhiều quá mất hay 🐧,@Ken_Arist,2025-03-17,04:26:34
zJyCGyoAKlM,neutral,Lâu r chưa thấy ra tiếp nhỉ,@CótiềnMai,2025-05-11,13:31:15
zJyCGyoAKlM,neutral,"nghe cái giọng hào hứng là hiểu ổng ủng hộ game việt như thế nào, lòng yêu dân tộc nồng nàn",@yiyi8384,2025-04-23,09:05:56
zJyCGyoAKlM,neutral,"tui mà có em mà em tui nó bị như vậy chắc tui xử chết cmn ông khầy luôn quá, tội em ko chịu đc",@henri_leviette,2025-04-21,05:07:49
zJyCGyoAKlM,neutral,có bản game full chưa nhỉ,@quochuynguyen5052,2025-04-21,02:17:32
zJyCGyoAKlM,neutral,chs game mà ns nhiều quá mất hay 🐧,@Ken_Arist,2025-03-17,04:26:34
zJyCGyoAKlM,neutral,Lâu r chưa thấy ra tiếp nhỉ,@CótiềnMai,2025-05-11,13:31:15
zJyCGyoAKlM,neutral,"nghe cái giọng hào hứng là hiểu ổng ủng hộ game việt như thế nào, lòng yêu dân tộc nồng nàn",@yiyi8384,2025-04-23,09:05:56
zJyCGyoAKlM,neutral,"tui mà có em mà em tui nó bị như vậy chắc tui xử chết cmn ông khầy luôn quá, tội em ko chịu đc",@henri_leviette,2025-04-21,05:07:49
zJyCGyoAKlM,neutral,có bản game full chưa nhỉ,@quochuynguyen5052,2025-04-21,02:17:32
zJyCGyoAKlM,neutral,chs game mà ns nhiều quá mất hay 🐧,@Ken_Arist,2025-03-17,04:26:34
zJyCGyoAKlM,negative,Lâu r chưa thấy ra tiếp nhỉ,@CótiềnMai,2025-05-11,13:31:15
zJyCGyoAKlM,negative,"nghe cái giọng hào hứng là hiểu ổng ủng hộ game việt như thế nào, lòng yêu dân tộc nồng nàn",@yiyi8384,2025-04-23,09:05:56
zJyCGyoAKlM,negative,"tui mà có em mà em tui nó bị như vậy chắc tui xử chết cmn ông khầy luôn quá, tội em ko chịu đc",@henri_leviette,2025-04-21,05:07:49
zJyCGyoAKlM,negative,có bản game full chưa nhỉ,@quochuynguyen5052,2025-04-21,02:17:32
zJyCGyoAKlM,negative,chs game mà ns nhiều quá mất hay 🐧,@Ken_Arist,2025-03-17,04:26:34
GCp8X2o3tQc,neutral,🔥dung gui,@ThắngMạnh-p3u,2025-01-10,17:46:20
GCp8X2o3tQc,neutral,37:12? Con Dê😂,@nhanongoc1095,2024-12-04,04:52:20
GCp8X2o3tQc,neutral,20:17 game giả lập làm nữ & đi vệ sinh anh ah =)) ko thể biến thái hơn,@vanvo9240,2024-11-18,03:49:22
GCp8X2o3tQc,neutral,g,@hieutrung7749,2024-11-16,17:01:50
GCp8X2o3tQc,neutral,g,@hieutrung7749,2024-11-16,17:01:43
GCp8X2o3tQc,neutral,🔥dung gui,@ThắngMạnh-p3u,2025-01-10,17:46:20
GCp8X2o3tQc,neutral,37:12? Con Dê😂,@nhanongoc1095,2024-12-04,04:52:20
GCp8X2o3tQc,neutral,20:17 game giả lập làm nữ & đi vệ sinh anh ah =)) ko thể biến thái hơn,@vanvo9240,2024-11-18,03:49:22
GCp8X2o3tQc,neutral,g,@hieutrung7749,2024-11-16,17:01:50
GCp8X2o3tQc,neutral,g,@hieutrung7749,2024-11-16,17:01:43
GCp8X2o3tQc,neutral,🔥dung gui,@ThắngMạnh-p3u,2025-01-10,17:46:20
GCp8X2o3tQc,neutral,37:12? Con Dê😂,@nhanongoc1095,2024-12-04,04:52:20
GCp8X2o3tQc,neutral,20:17 game giả lập làm nữ & đi vệ sinh anh ah =)) ko thể biến thái hơn,@vanvo9240,2024-11-18,03:49:22
GCp8X2o3tQc,neutral,g,@hieutrung7749,2024-11-16,17:01:50
GCp8X2o3tQc,neutral,g,@hieutrung7749,2024-11-16,17:01:43
GCp8X2o3tQc,neutral,🔥dung gui,@ThắngMạnh-p3u,2025-01-10,17:46:20
GCp8X2o3tQc,neutral,37:12? Con Dê😂,@nhanongoc1095,2024-12-04,04:52:20
GCp8X2o3tQc,neutral,20:17 game giả lập làm nữ & đi vệ sinh anh ah =)) ko thể biến thái hơn,@vanvo9240,2024-11-18,03:49:22
GCp8X2o3tQc,neutral,g,@hieutrung7749,2024-11-16,17:01:50
GCp8X2o3tQc,neutral,g,@hieutrung7749,2024-11-16,17:01:43
GCp8X2o3tQc,neutral,🔥dung gui,@ThắngMạnh-p3u,2025-01-10,17:46:20
GCp8X2o3tQc,neutral,37:12? Con Dê😂,@nhanongoc1095,2024-12-04,04:52:20
GCp8X2o3tQc,neutral,20:17 game giả lập làm nữ & đi vệ sinh anh ah =)) ko thể biến thái hơn,@vanvo9240,2024-11-18,03:49:22
GCp8X2o3tQc,neutral,g,@hieutrung7749,2024-11-16,17:01:50
GCp8X2o3tQc,neutral,g,@hieutrung7749,2024-11-16,17:01:43
gLilIX5jtLY,neutral,14:41,@phchihieu,2025-05-30,06:49:33
gLilIX5jtLY,neutral,Con game đái ra máu =)),@uchoang4561,2025-05-12,02:34:03
gLilIX5jtLY,neutral,Cx bựa phết,@phamducmanh2145,2025-01-29,09:43:37
gLilIX5jtLY,neutral,"35:15 tự nhiên nhớ đến siêu phẩm ""chui đi"" trong oulast 2 (( :",@letanphat8976,2025-01-25,13:47:41
gLilIX5jtLY,neutral,"Game  hay , rất hồi hộp , kịch tính",@dedi640,2025-01-24,14:57:42
gLilIX5jtLY,neutral,14:41,@phchihieu,2025-05-30,06:49:33
gLilIX5jtLY,neutral,Con game đái ra máu =)),@uchoang4561,2025-05-12,02:34:03
gLilIX5jtLY,neutral,Cx bựa phết,@phamducmanh2145,2025-01-29,09:43:37
gLilIX5jtLY,neutral,"35:15 tự nhiên nhớ đến siêu phẩm ""chui đi"" trong oulast 2 (( :",@letanphat8976,2025-01-25,13:47:41
gLilIX5jtLY,neutral,"Game  hay , rất hồi hộp , kịch tính",@dedi640,2025-01-24,14:57:42
gLilIX5jtLY,neutral,14:41,@phchihieu,2025-05-30,06:49:33
gLilIX5jtLY,neutral,Con game đái ra máu =)),@uchoang4561,2025-05-12,02:34:03
gLilIX5jtLY,neutral,Cx bựa phết,@phamducmanh2145,2025-01-29,09:43:37
gLilIX5jtLY,neutral,"35:15 tự nhiên nhớ đến siêu phẩm ""chui đi"" trong oulast 2 (( :",@letanphat8976,2025-01-25,13:47:41
gLilIX5jtLY,neutral,"Game  hay , rất hồi hộp , kịch tính",@dedi640,2025-01-24,14:57:42
gLilIX5jtLY,neutral,14:41,@phchihieu,2025-05-30,06:49:33
gLilIX5jtLY,neutral,Con game đái ra máu =)),@uchoang4561,2025-05-12,02:34:03
gLilIX5jtLY,neutral,Cx bựa phết,@phamducmanh2145,2025-01-29,09:43:37
gLilIX5jtLY,neutral,"35:15 tự nhiên nhớ đến siêu phẩm ""chui đi"" trong oulast 2 (( :",@letanphat8976,2025-01-25,13:47:41
gLilIX5jtLY,neutral,"Game  hay , rất hồi hộp , kịch tính",@dedi640,2025-01-24,14:57:42
gLilIX5jtLY,negative,14:41,@phchihieu,2025-05-30,06:49:33
gLilIX5jtLY,negative,Con game đái ra máu =)),@uchoang4561,2025-05-12,02:34:03
gLilIX5jtLY,negative,Cx bựa phết,@phamducmanh2145,2025-01-29,09:43:37
gLilIX5jtLY,negative,"35:15 tự nhiên nhớ đến siêu phẩm ""chui đi"" trong oulast 2 (( :",@letanphat8976,2025-01-25,13:47:41
gLilIX5jtLY,negative,"Game  hay , rất hồi hộp , kịch tính",@dedi640,2025-01-24,14:57:42
1Jjj_bitQyA,neutral,v,@ThinhNguyen-gx9we,2024-11-29,09:18:19
1Jjj_bitQyA,neutral,giải pháp xẹp ciu rất bổ ích. Tôi đã đi viện.,@FCMOBILE-o8q,2024-11-04,08:05:46
1Jjj_bitQyA,neutral,16:50 thần trùng=)),@ucAnhNguyen-jz1pg,2024-08-02,06:46:11
1Jjj_bitQyA,neutral,20:31 Màu Xanh Lắp Capo Đen Chắc Quen Quen 😂😂😂,@Isagi-b6t,2024-07-15,13:29:37
1Jjj_bitQyA,neutral,50:47 Đi Chơi Muộn Về Bị Phang 😂😂😂,@Isagi-b6t,2024-07-15,13:25:34
1Jjj_bitQyA,neutral,v,@ThinhNguyen-gx9we,2024-11-29,09:18:19
1Jjj_bitQyA,neutral,giải pháp xẹp ciu rất bổ ích. Tôi đã đi viện.,@FCMOBILE-o8q,2024-11-04,08:05:46
1Jjj_bitQyA,neutral,16:50 thần trùng=)),@ucAnhNguyen-jz1pg,2024-08-02,06:46:11
1Jjj_bitQyA,neutral,20:31 Màu Xanh Lắp Capo Đen Chắc Quen Quen 😂😂😂,@Isagi-b6t,2024-07-15,13:29:37
1Jjj_bitQyA,neutral,50:47 Đi Chơi Muộn Về Bị Phang 😂😂😂,@Isagi-b6t,2024-07-15,13:25:34
1Jjj_bitQyA,positive,v,@ThinhNguyen-gx9we,2024-11-29,09:18:19
1Jjj_bitQyA,positive,giải pháp xẹp ciu rất bổ ích. Tôi đã đi viện.,@FCMOBILE-o8q,2024-11-04,08:05:46
1Jjj_bitQyA,positive,16:50 thần trùng=)),@ucAnhNguyen-jz1pg,2024-08-02,06:46:11
1Jjj_bitQyA,positive,20:31 Màu Xanh Lắp Capo Đen Chắc Quen Quen 😂😂😂,@Isagi-b6t,2024-07-15,13:29:37
1Jjj_bitQyA,positive,50:47 Đi Chơi Muộn Về Bị Phang 😂😂😂,@Isagi-b6t,2024-07-15,13:25:34
1Jjj_bitQyA,neutral,v,@ThinhNguyen-gx9we,2024-11-29,09:18:19
1Jjj_bitQyA,neutral,giải pháp xẹp ciu rất bổ ích. Tôi đã đi viện.,@FCMOBILE-o8q,2024-11-04,08:05:46
1Jjj_bitQyA,neutral,16:50 thần trùng=)),@ucAnhNguyen-jz1pg,2024-08-02,06:46:11
1Jjj_bitQyA,neutral,20:31 Màu Xanh Lắp Capo Đen Chắc Quen Quen 😂😂😂,@Isagi-b6t,2024-07-15,13:29:37
1Jjj_bitQyA,neutral,50:47 Đi Chơi Muộn Về Bị Phang 😂😂😂,@Isagi-b6t,2024-07-15,13:25:34
1Jjj_bitQyA,neutral,v,@ThinhNguyen-gx9we,2024-11-29,09:18:19
1Jjj_bitQyA,neutral,giải pháp xẹp ciu rất bổ ích. Tôi đã đi viện.,@FCMOBILE-o8q,2024-11-04,08:05:46
1Jjj_bitQyA,neutral,16:50 thần trùng=)),@ucAnhNguyen-jz1pg,2024-08-02,06:46:11
1Jjj_bitQyA,neutral,20:31 Màu Xanh Lắp Capo Đen Chắc Quen Quen 😂😂😂,@Isagi-b6t,2024-07-15,13:29:37
1Jjj_bitQyA,neutral,50:47 Đi Chơi Muộn Về Bị Phang 😂😂😂,@Isagi-b6t,2024-07-15,13:25:34
JYSq80P6C3o,positive,1 tiếng 24 :)) khoảnh khắc Dũng normal bị hạ bệ dũng siêu khó lên ngôi,@conghuyha3266,2025-05-11,06:39:31
JYSq80P6C3o,positive,cười đau ruột -))z,@BéCuXoănTít,2025-04-18,01:15:44
JYSq80P6C3o,positive,chơi gà vcc,@DogeLỏ-l4z,2025-04-02,14:09:05
JYSq80P6C3o,positive,granny phải gọi bố mẹ thg này bằng điện thoại để xin kinh nghịmm😂😂😂,@min_ahytb,2025-03-25,01:48:27
JYSq80P6C3o,positive,Hello trực tiếp game đẹp trai 😁😁😁😁😁😁😁😁😁😁,@huongtran5418,2025-03-06,12:00:33
JYSq80P6C3o,neutral,1 tiếng 24 :)) khoảnh khắc Dũng normal bị hạ bệ dũng siêu khó lên ngôi,@conghuyha3266,2025-05-11,06:39:31
JYSq80P6C3o,neutral,cười đau ruột -))z,@BéCuXoănTít,2025-04-18,01:15:44
JYSq80P6C3o,neutral,chơi gà vcc,@DogeLỏ-l4z,2025-04-02,14:09:05
JYSq80P6C3o,neutral,granny phải gọi bố mẹ thg này bằng điện thoại để xin kinh nghịmm😂😂😂,@min_ahytb,2025-03-25,01:48:27
JYSq80P6C3o,neutral,Hello trực tiếp game đẹp trai 😁😁😁😁😁😁😁😁😁😁,@huongtran5418,2025-03-06,12:00:33
JYSq80P6C3o,neutral,1 tiếng 24 :)) khoảnh khắc Dũng normal bị hạ bệ dũng siêu khó lên ngôi,@conghuyha3266,2025-05-11,06:39:31
JYSq80P6C3o,neutral,cười đau ruột -))z,@BéCuXoănTít,2025-04-18,01:15:44
JYSq80P6C3o,neutral,chơi gà vcc,@DogeLỏ-l4z,2025-04-02,14:09:05
JYSq80P6C3o,neutral,granny phải gọi bố mẹ thg này bằng điện thoại để xin kinh nghịmm😂😂😂,@min_ahytb,2025-03-25,01:48:27
JYSq80P6C3o,neutral,Hello trực tiếp game đẹp trai 😁😁😁😁😁😁😁😁😁😁,@huongtran5418,2025-03-06,12:00:33
JYSq80P6C3o,neutral,1 tiếng 24 :)) khoảnh khắc Dũng normal bị hạ bệ dũng siêu khó lên ngôi,@conghuyha3266,2025-05-11,06:39:31
JYSq80P6C3o,neutral,cười đau ruột -))z,@BéCuXoănTít,2025-04-18,01:15:44
JYSq80P6C3o,neutral,chơi gà vcc,@DogeLỏ-l4z,2025-04-02,14:09:05
JYSq80P6C3o,neutral,granny phải gọi bố mẹ thg này bằng điện thoại để xin kinh nghịmm😂😂😂,@min_ahytb,2025-03-25,01:48:27
JYSq80P6C3o,neutral,Hello trực tiếp game đẹp trai 😁😁😁😁😁😁😁😁😁😁,@huongtran5418,2025-03-06,12:00:33
JYSq80P6C3o,negative,1 tiếng 24 :)) khoảnh khắc Dũng normal bị hạ bệ dũng siêu khó lên ngôi,@conghuyha3266,2025-05-11,06:39:31
JYSq80P6C3o,negative,cười đau ruột -))z,@BéCuXoănTít,2025-04-18,01:15:44
JYSq80P6C3o,negative,chơi gà vcc,@DogeLỏ-l4z,2025-04-02,14:09:05
JYSq80P6C3o,negative,granny phải gọi bố mẹ thg này bằng điện thoại để xin kinh nghịmm😂😂😂,@min_ahytb,2025-03-25,01:48:27
JYSq80P6C3o,negative,Hello trực tiếp game đẹp trai 😁😁😁😁😁😁😁😁😁😁,@huongtran5418,2025-03-06,12:00:33
E9j-Rf6aShI,negative,"Lâu nay tôi có gì không phải thì ae viewer giơ cao đánh khẽ nhé, đừng như thằng gì trong game 😂😂😂",,2023-08-27,16:15:50
E9j-Rf6aShI,negative,Xem Dẽo Nina suy luận như Sherlock Holmes xong vẫn bị quay plot twist như chong chóng =))),@samyleeyoutube,2025-05-15,00:56:41
E9j-Rf6aShI,negative,game đỉnh cao plot twist luôn =))),@py3.14,2025-05-03,20:03:06
E9j-Rf6aShI,negative,ohu,@HuyPham-hp7hk,2025-04-29,09:54:43
E9j-Rf6aShI,negative,Chắc đây là con gái của ông bảo vệ,@garden8143,2025-02-06,07:39:12
E9j-Rf6aShI,positive,"Lâu nay tôi có gì không phải thì ae viewer giơ cao đánh khẽ nhé, đừng như thằng gì trong game 😂😂😂",,2023-08-27,16:15:50
E9j-Rf6aShI,positive,Xem Dẽo Nina suy luận như Sherlock Holmes xong vẫn bị quay plot twist như chong chóng =))),@samyleeyoutube,2025-05-15,00:56:41
E9j-Rf6aShI,positive,game đỉnh cao plot twist luôn =))),@py3.14,2025-05-03,20:03:06
E9j-Rf6aShI,positive,ohu,@HuyPham-hp7hk,2025-04-29,09:54:43
E9j-Rf6aShI,positive,Chắc đây là con gái của ông bảo vệ,@garden8143,2025-02-06,07:39:12
E9j-Rf6aShI,neutral,"Lâu nay tôi có gì không phải thì ae viewer giơ cao đánh khẽ nhé, đừng như thằng gì trong game 😂😂😂",,2023-08-27,16:15:50
E9j-Rf6aShI,neutral,Xem Dẽo Nina suy luận như Sherlock Holmes xong vẫn bị quay plot twist như chong chóng =))),@samyleeyoutube,2025-05-15,00:56:41
E9j-Rf6aShI,neutral,game đỉnh cao plot twist luôn =))),@py3.14,2025-05-03,20:03:06
E9j-Rf6aShI,neutral,ohu,@HuyPham-hp7hk,2025-04-29,09:54:43
E9j-Rf6aShI,neutral,Chắc đây là con gái của ông bảo vệ,@garden8143,2025-02-06,07:39:12
E9j-Rf6aShI,neutral,"Lâu nay tôi có gì không phải thì ae viewer giơ cao đánh khẽ nhé, đừng như thằng gì trong game 😂😂😂",,2023-08-27,16:15:50
E9j-Rf6aShI,neutral,Xem Dẽo Nina suy luận như Sherlock Holmes xong vẫn bị quay plot twist như chong chóng =))),@samyleeyoutube,2025-05-15,00:56:41
E9j-Rf6aShI,neutral,game đỉnh cao plot twist luôn =))),@py3.14,2025-05-03,20:03:06
E9j-Rf6aShI,neutral,ohu,@HuyPham-hp7hk,2025-04-29,09:54:43
E9j-Rf6aShI,neutral,Chắc đây là con gái của ông bảo vệ,@garden8143,2025-02-06,07:39:12
E9j-Rf6aShI,neutral,"Lâu nay tôi có gì không phải thì ae viewer giơ cao đánh khẽ nhé, đừng như thằng gì trong game 😂😂😂",,2023-08-27,16:15:50
E9j-Rf6aShI,neutral,Xem Dẽo Nina suy luận như Sherlock Holmes xong vẫn bị quay plot twist như chong chóng =))),@samyleeyoutube,2025-05-15,00:56:41
E9j-Rf6aShI,neutral,game đỉnh cao plot twist luôn =))),@py3.14,2025-05-03,20:03:06
E9j-Rf6aShI,neutral,ohu,@HuyPham-hp7hk,2025-04-29,09:54:43
E9j-Rf6aShI,neutral,Chắc đây là con gái của ông bảo vệ,@garden8143,2025-02-06,07:39:12
HAN2BYH53d8,neutral,Số,@katyvu4280,2024-11-17,03:17:11
HAN2BYH53d8,neutral,11:14 Granny Phiên Bản Mới 😂😂😂,@Isagi-b6t,2024-09-01,12:29:53
HAN2BYH53d8,neutral,47:21 Ông Tự Phá Hoại Chính Bản Thân Đúng Là Điên Rồi 😂😂😂,@Isagi-b6t,2024-09-01,12:23:59
HAN2BYH53d8,neutral,*_Soi ko kĩ mà ad=))_*,@thimyanhle4900,2024-06-14,13:46:39
HAN2BYH53d8,neutral,16:12 cái đèn nó sáng vãi chưởng mà ổng không nhận ra hả ta:))),@QuanNguyen-sm9ps,2024-06-13,14:46:58
HAN2BYH53d8,neutral,Số,@katyvu4280,2024-11-17,03:17:11
HAN2BYH53d8,neutral,11:14 Granny Phiên Bản Mới 😂😂😂,@Isagi-b6t,2024-09-01,12:29:53
HAN2BYH53d8,neutral,47:21 Ông Tự Phá Hoại Chính Bản Thân Đúng Là Điên Rồi 😂😂😂,@Isagi-b6t,2024-09-01,12:23:59
HAN2BYH53d8,neutral,*_Soi ko kĩ mà ad=))_*,@thimyanhle4900,2024-06-14,13:46:39
HAN2BYH53d8,neutral,16:12 cái đèn nó sáng vãi chưởng mà ổng không nhận ra hả ta:))),@QuanNguyen-sm9ps,2024-06-13,14:46:58
HAN2BYH53d8,neutral,Số,@katyvu4280,2024-11-17,03:17:11
HAN2BYH53d8,neutral,11:14 Granny Phiên Bản Mới 😂😂😂,@Isagi-b6t,2024-09-01,12:29:53
HAN2BYH53d8,neutral,47:21 Ông Tự Phá Hoại Chính Bản Thân Đúng Là Điên Rồi 😂😂😂,@Isagi-b6t,2024-09-01,12:23:59
HAN2BYH53d8,neutral,*_Soi ko kĩ mà ad=))_*,@thimyanhle4900,2024-06-14,13:46:39
HAN2BYH53d8,neutral,16:12 cái đèn nó sáng vãi chưởng mà ổng không nhận ra hả ta:))),@QuanNguyen-sm9ps,2024-06-13,14:46:58
HAN2BYH53d8,positive,Số,@katyvu4280,2024-11-17,03:17:11
HAN2BYH53d8,positive,11:14 Granny Phiên Bản Mới 😂😂😂,@Isagi-b6t,2024-09-01,12:29:53
HAN2BYH53d8,positive,47:21 Ông Tự Phá Hoại Chính Bản Thân Đúng Là Điên Rồi 😂😂😂,@Isagi-b6t,2024-09-01,12:23:59
HAN2BYH53d8,positive,*_Soi ko kĩ mà ad=))_*,@thimyanhle4900,2024-06-14,13:46:39
HAN2BYH53d8,positive,16:12 cái đèn nó sáng vãi chưởng mà ổng không nhận ra hả ta:))),@QuanNguyen-sm9ps,2024-06-13,14:46:58
HAN2BYH53d8,positive,Số,@katyvu4280,2024-11-17,03:17:11
HAN2BYH53d8,positive,11:14 Granny Phiên Bản Mới 😂😂😂,@Isagi-b6t,2024-09-01,12:29:53
HAN2BYH53d8,positive,47:21 Ông Tự Phá Hoại Chính Bản Thân Đúng Là Điên Rồi 😂😂😂,@Isagi-b6t,2024-09-01,12:23:59
HAN2BYH53d8,positive,*_Soi ko kĩ mà ad=))_*,@thimyanhle4900,2024-06-14,13:46:39
HAN2BYH53d8,positive,16:12 cái đèn nó sáng vãi chưởng mà ổng không nhận ra hả ta:))),@QuanNguyen-sm9ps,2024-06-13,14:46:58
GHJOAA5Trh8,neutral,1 ngày thường với team Đụt😂,@soldierboy1719,2025-05-24,12:27:03
GHJOAA5Trh8,neutral,It's night time in my country❤❤❤❤❤❤❤ good luck and good night ❤❤❤❤❤❤😊😊😊😊😊😊😊😊😊😊,@Bluestar.554,2025-05-21,00:48:07
GHJOAA5Trh8,neutral,Good luck to you ❤❤❤❤,@Bluestar.554,2025-05-15,17:43:37
GHJOAA5Trh8,positive,1 ngày thường với team Đụt😂,@soldierboy1719,2025-05-24,12:27:03
GHJOAA5Trh8,positive,It's night time in my country❤❤❤❤❤❤❤ good luck and good night ❤❤❤❤❤❤😊😊😊😊😊😊😊😊😊😊,@Bluestar.554,2025-05-21,00:48:07
GHJOAA5Trh8,positive,Good luck to you ❤❤❤❤,@Bluestar.554,2025-05-15,17:43:37
GHJOAA5Trh8,positive,1 ngày thường với team Đụt😂,@soldierboy1719,2025-05-24,12:27:03
GHJOAA5Trh8,positive,It's night time in my country❤❤❤❤❤❤❤ good luck and good night ❤❤❤❤❤❤😊😊😊😊😊😊😊😊😊😊,@Bluestar.554,2025-05-21,00:48:07
GHJOAA5Trh8,positive,Good luck to you ❤❤❤❤,@Bluestar.554,2025-05-15,17:43:37
